student_id;Time_vs_Cost;Time_vs_Emissions;Time_vs_Comfort;Cost_vs_Emissions;Cost_vs_Comfort;Emissions_vs_Comfort
STU_0001;Prefer_First;Equal;Equal;Prefer_First;Prefer_Second;Prefer_Second
STU_0002;Equal;Prefer_Second;Prefer_Second;Equal;Prefer_Second;Equal
STU_0003;Prefer_First;Prefer_Second;Prefer_Second;Equal;Equal;Prefer_Second
STU_0004;Prefer_Second;Equal;Prefer_Second;Equal;Prefer_Second;Prefer_Second
STU_0005;Prefer_Second;Prefer_First;Prefer_First;Prefer_Second;Equal;Prefer_First
STU_0006;Prefer_First;Equal;Prefer_First;Prefer_Second;Prefer_Second;Prefer_Second
STU_0007;Equal;Prefer_Second;Equal;Equal;Equal;Prefer_Second
STU_0008;Prefer_First;Equal;Equal;Prefer_Second;Prefer_Second;Prefer_Second
STU_0009;Prefer_First;Prefer_Second;Prefer_First;Equal;Equal;Equal
STU_0010;Prefer_Second;Prefer_Second;Equal;Equal;Prefer_First;Prefer_Second
STU_0011;Equal;Prefer_First;Prefer_Second;Prefer_Second;Equal;Equal
STU_0012;Prefer_First;Equal;Equal;Prefer_Second;Prefer_Second;Prefer_Second
STU_0013;Prefer_First;Prefer_First;Prefer_First;Prefer_Second;Prefer_First;Prefer_First
STU_0014;Prefer_First;Prefer_First;Equal;Equal;Equal;Prefer_First
STU_0015;Prefer_Second;Equal;Prefer_First;Equal;Prefer_First;Prefer_Second
STU_0016;Equal;Prefer_Second;Prefer_First;Prefer_Second;Equal;Prefer_Second
STU_0017;Prefer_Second;Prefer_Second;Equal;Prefer_First;Equal;Prefer_First
STU_0018;Prefer_Second;Equal;Equal;Prefer_Second;Prefer_First;Prefer_Second
STU_0019;Equal;Prefer_First;Equal;Prefer_First;Prefer_Second;Prefer_Second
STU_0020;Prefer_First;Prefer_First;Equal;Equal;Prefer_Second;Prefer_Second
STU_0021;Prefer_Second;Prefer_Second;Prefer_Second;Prefer_Second;Prefer_Second;Prefer_Second
STU_0022;Prefer_First;Equal;Equal;Prefer_Second;Equal;Equal
STU_0023;Prefer_First;Prefer_First;Prefer_First;Equal;Prefer_First;Prefer_Second
STU_0024;Prefer_First;Equal;Prefer_Second;Prefer_Second;Prefer_Second;Prefer_First
STU_0025;Prefer_Second;Prefer_First;Equal;Equal;Prefer_First;Prefer_First
STU_0026;Prefer_First;Prefer_First;Equal;Prefer_Second;Prefer_Second;Prefer_Second
STU_0027;Prefer_Second;Prefer_Second;Prefer_First;Equal;Equal;Prefer_First
STU_0028;Prefer_First;Equal;Prefer_First;Equal;Equal;Prefer_First
STU_0029;Equal;Equal;Prefer_First;Prefer_Second;Prefer_Second;Equal
STU_0030;Equal;Prefer_Second;Equal;Prefer_Second;Prefer_Second;Prefer_Second
STU_0031;Prefer_First;Equal;Equal;Prefer_First;Prefer_Second;Prefer_First
STU_0032;Prefer_Second;Prefer_First;Equal;Prefer_Second;Prefer_First;Prefer_Second
STU_0033;Prefer_First;Prefer_Second;Prefer_Second;Equal;Equal;Prefer_Second
STU_0034;Prefer_First;Equal;Equal;Prefer_Second;Prefer_Second;Prefer_First
STU_0035;Equal;Prefer_First;Equal;Equal;Prefer_First;Prefer_First
STU_0036;Prefer_First;Prefer_First;Prefer_Second;Equal;Prefer_Second;Equal
STU_0037;Prefer_First;Equal;Prefer_Second;Prefer_First;Prefer_First;Prefer_Second
STU_0038;Equal;Prefer_First;Prefer_First;Equal;Prefer_Second;Prefer_Second
STU_0039;Prefer_Second;Equal;Equal;Prefer_Second;Prefer_Second;Prefer_Second
STU_0040;Prefer_First;Equal;Equal;Prefer_First;Prefer_Second;Equal
STU_0041;Prefer_First;Equal;Prefer_First;Prefer_First;Equal;Prefer_First
STU_0042;Prefer_Second;Prefer_First;Prefer_First;Equal;Prefer_First;Prefer_Second
STU_0043;Prefer_Second;Prefer_First;Prefer_Second;Equal;Prefer_Second;Equal
STU_0044;Prefer_First;Prefer_Second;Equal;Prefer_Second;Prefer_Second;Prefer_First
STU_0045;Equal;Prefer_Second;Prefer_First;Prefer_Second;Prefer_First;Equal
STU_0046;Prefer_First;Prefer_First;Prefer_Second;Equal;Prefer_Second;Prefer_Second
STU_0047;Prefer_First;Prefer_First;Equal;Prefer_First;Prefer_Second;Equal
STU_0048;Prefer_Second;Prefer_First;Prefer_First;Equal;Prefer_First;Prefer_First
STU_0049;Prefer_Second;Equal;Prefer_First;Equal;Prefer_First;Equal
STU_0050;Prefer_Second;Prefer_Second;Prefer_Second;Equal;Prefer_First;Prefer_First
STU_0051;Prefer_First;Equal;Equal;Equal;Equal;Prefer_Second
STU_0052;Equal;Prefer_Second;Prefer_First;Prefer_First;Prefer_First;Equal
STU_0053;Prefer_First;Prefer_First;Prefer_First;Equal;Equal;Prefer_Second
STU_0054;Prefer_Second;Prefer_First;Prefer_First;Equal;Prefer_First;Equal
STU_0055;Equal;Prefer_Second;Prefer_Second;Prefer_First;Equal;Prefer_Second
STU_0056;Prefer_Second;Equal;Equal;Prefer_First;Equal;Equal
STU_0057;Prefer_First;Equal;Prefer_Second;Prefer_Second;Prefer_Second;Equal
STU_0058;Equal;Equal;Prefer_Second;Prefer_Second;Prefer_Second;Prefer_Second
STU_0059;Prefer_First;Prefer_Second;Prefer_First;Equal;Prefer_First;Prefer_Second
STU_0060;Equal;Prefer_Second;Equal;Equal;Prefer_First;Prefer_Second
STU_0061;Prefer_Second;Equal;Prefer_Second;Equal;Prefer_Second;Equal
STU_0062;Equal;Equal;Equal;Prefer_Second;Prefer_Second;Prefer_Second
STU_0063;Prefer_Second;Prefer_First;Prefer_Second;Equal;Equal;Prefer_Second
STU_0064;Prefer_First;Prefer_First;Prefer_First;Prefer_Second;Equal;Equal
STU_0065;Prefer_First;Prefer_First;Equal;Prefer_Second;Equal;Prefer_Second
STU_0066;Prefer_Second;Equal;Equal;Equal;Prefer_First;Equal
STU_0067;Prefer_Second;Prefer_Second;Prefer_First;Prefer_Second;Prefer_Second;Prefer_Second
STU_0068;Prefer_Second;Prefer_First;Prefer_First;Equal;Prefer_First;Prefer_Second
STU_0069;Prefer_First;Prefer_First;Equal;Equal;Prefer_Second;Prefer_Second
STU_0070;Prefer_Second;Equal;Equal;Prefer_Second;Prefer_Second;Equal
STU_0071;Equal;Prefer_First;Prefer_First;Prefer_First;Prefer_Second;Prefer_Second
STU_0072;Prefer_First;Prefer_First;Equal;Prefer_Second;Equal;Prefer_First
STU_0073;Prefer_First;Prefer_First;Equal;Prefer_Second;Prefer_Second;Prefer_First
STU_0074;Prefer_Second;Equal;Prefer_Second;Equal;Prefer_First;Equal
STU_0075;Prefer_Second;Prefer_Second;Equal;Equal;Equal;Equal
STU_0076;Prefer_Second;Prefer_First;Equal;Prefer_First;Prefer_Second;Equal
STU_0077;Equal;Prefer_Second;Prefer_First;Equal;Prefer_Second;Equal
STU_0078;Prefer_Second;Prefer_First;Prefer_First;Equal;Prefer_Second;Equal
STU_0079;Prefer_First;Prefer_Second;Equal;Prefer_First;Prefer_Second;Prefer_Second
STU_0080;Prefer_First;Prefer_Second;Prefer_First;Prefer_First;Prefer_First;Prefer_First
STU_0081;Equal;Equal;Equal;Equal;Prefer_First;Prefer_Second
STU_0082;Equal;Prefer_Second;Prefer_First;Prefer_Second;Equal;Equal
STU_0083;Equal;Prefer_First;Equal;Prefer_Second;Equal;Prefer_Second
STU_0084;Prefer_Second;Prefer_Second;Equal;Equal;Equal;Prefer_Second
STU_0085;Prefer_Second;Equal;Prefer_Second;Equal;Prefer_Second;Prefer_First
STU_0086;Prefer_Second;Prefer_First;Prefer_Second;Equal;Prefer_First;Prefer_Second
STU_0087;Prefer_First;Equal;Prefer_Second;Prefer_First;Prefer_First;Prefer_Second
STU_0088;Prefer_Second;Prefer_First;Equal;Equal;Prefer_First;Prefer_Second
STU_0089;Prefer_Second;Prefer_First;Prefer_First;Equal;Equal;Prefer_Second
STU_0090;Prefer_First;Prefer_First;Equal;Equal;Prefer_Second;Prefer_Second
STU_0091;Prefer_Second;Prefer_First;Equal;Prefer_Second;Prefer_Second;Prefer_Second
STU_0092;Prefer_Second;Prefer_First;Prefer_Second;Prefer_First;Prefer_First;Prefer_First
STU_0093;Prefer_First;Equal;Equal;Equal;Prefer_Second;Prefer_Second
STU_0094;Equal;Equal;Prefer_First;Equal;Equal;Prefer_Second
STU_0095;Prefer_Second;Prefer_First;Prefer_Second;Equal;Prefer_Second;Prefer_First
STU_0096;Prefer_First;Prefer_First;Prefer_First;Prefer_Second;Equal;Equal
STU_0097;Prefer_Second;Prefer_First;Equal;Equal;Prefer_Second;Prefer_First
STU_0098;Prefer_First;Equal;Prefer_Second;Prefer_First;Equal;Prefer_Second
STU_0099;Equal;Equal;Prefer_First;Equal;Prefer_Second;Prefer_Second
STU_0100;Prefer_Second;Prefer_First;Equal;Prefer_First;Prefer_Second;Prefer_First
STU_0101;Prefer_First;Prefer_First;Prefer_First;Prefer_First;Prefer_Second;Prefer_Second
STU_0102;Prefer_Second;Prefer_Second;Equal;Prefer_First;Equal;Prefer_First
STU_0103;Equal;Prefer_First;Equal;Equal;Prefer_First;Equal
STU_0104;Equal;Prefer_Second;Prefer_Second;Equal;Prefer_Second;Prefer_First
STU_0105;Prefer_Second;Equal;Equal;Equal;Prefer_First;Prefer_First
STU_0106;Equal;Prefer_First;Prefer_First;Equal;Prefer_Second;Prefer_First
STU_0107;Prefer_First;Equal;Prefer_First;Equal;Equal;Prefer_Second
STU_0108;Equal;Equal;Equal;Equal;Prefer_First;Equal
STU_0109;Equal;Equal;Prefer_Second;Equal;Prefer_Second;Prefer_Second
STU_0110;Prefer_First;Prefer_First;Prefer_Second;Prefer_Second;Prefer_Second;Prefer_First
STU_0111;Equal;Prefer_Second;Equal;Equal;Prefer_Second;Prefer_Second
STU_0112;Equal;Prefer_First;Equal;Equal;Prefer_Second;Equal
STU_0113;Equal;Prefer_Second;Equal;Prefer_Second;Equal;Prefer_First
STU_0114;Prefer_Second;Prefer_Second;Equal;Prefer_First;Prefer_First;Prefer_First
STU_0115;Prefer_First;Prefer_First;Prefer_Second;Prefer_Second;Prefer_Second;Prefer_First
STU_0116;Prefer_Second;Equal;Equal;Prefer_First;Equal;Prefer_Second
STU_0117;Prefer_First;Prefer_Second;Equal;Equal;Equal;Prefer_Second
STU_0118;Prefer_First;Prefer_First;Equal;Equal;Equal;Prefer_First
STU_0119;Prefer_First;Prefer_Second;Equal;Prefer_First;Equal;Equal
STU_0120;Prefer_Second;Prefer_First;Equal;Prefer_First;Prefer_First;Prefer_First
STU_0121;Prefer_Second;Prefer_Second;Equal;Equal;Equal;Prefer_Second
STU_0122;Prefer_First;Equal;Prefer_First;Prefer_Second;Prefer_Second;Equal
STU_0123;Equal;Equal;Prefer_Second;Prefer_First;Prefer_Second;Prefer_Second
STU_0124;Prefer_First;Prefer_First;Equal;Prefer_First;Equal;Prefer_Second
STU_0125;Prefer_Second;Prefer_Second;Equal;Prefer_Second;Equal;Prefer_First
STU_0126;Prefer_Second;Prefer_First;Prefer_First;Equal;Prefer_First;Prefer_First
STU_0127;Prefer_First;Prefer_Second;Equal;Equal;Prefer_Second;Prefer_First
STU_0128;Prefer_First;Prefer_Second;Prefer_Second;Equal;Equal;Equal
STU_0129;Prefer_First;Prefer_First;Prefer_Second;Equal;Prefer_First;Prefer_First
STU_0130;Prefer_Second;Prefer_First;Prefer_First;Prefer_First;Prefer_First;Prefer_Second
STU_0131;Prefer_Second;Prefer_Second;Prefer_Second;Equal;Equal;Prefer_Second
STU_0132;Equal;Equal;Prefer_First;Equal;Prefer_First;Equal
STU_0133;Prefer_First;Prefer_First;Equal;Prefer_First;Prefer_First;Equal
STU_0134;Prefer_First;Prefer_First;Equal;Equal;Prefer_Second;Prefer_Second
STU_0135;Prefer_First;Prefer_First;Equal;Equal;Prefer_First;Prefer_Second
STU_0136;Prefer_First;Prefer_First;Equal;Prefer_Second;Prefer_Second;Prefer_Second
STU_0137;Equal;Prefer_Second;Equal;Prefer_First;Prefer_First;Prefer_First
STU_0138;Equal;Prefer_Second;Prefer_First;Equal;Prefer_Second;Prefer_First
STU_0139;Prefer_Second;Prefer_Second;Prefer_Second;Equal;Prefer_First;Equal
STU_0140;Equal;Equal;Equal;Prefer_Second;Prefer_Second;Prefer_Second
STU_0141;Equal;Prefer_First;Equal;Prefer_First;Equal;Prefer_First
STU_0142;Prefer_First;Equal;Equal;Equal;Prefer_First;Equal
STU_0143;Prefer_First;Equal;Prefer_First;Equal;Equal;Prefer_Second
STU_0144;Prefer_First;Prefer_Second;Equal;Equal;Prefer_Second;Prefer_Second
STU_0145;Prefer_Second;Prefer_Second;Prefer_First;Prefer_First;Prefer_Second;Prefer_Second
STU_0146;Prefer_First;Prefer_First;Prefer_Second;Prefer_Second;Equal;Equal
STU_0147;Prefer_Second;Equal;Equal;Equal;Prefer_Second;Prefer_First
STU_0148;Prefer_First;Equal;Prefer_Second;Equal;Prefer_First;Equal
STU_0149;Prefer_First;Prefer_First;Prefer_First;Prefer_First;Prefer_Second;Prefer_First
STU_0150;Prefer_Second;Prefer_First;Equal;Equal;Prefer_First;Prefer_Second
STU_0151;Equal;Prefer_Second;Equal;Prefer_First;Prefer_Second;Prefer_Second
STU_0152;Equal;Prefer_Second;Equal;Equal;Equal;Prefer_Second
STU_0153;Equal;Prefer_First;Prefer_Second;Prefer_First;Prefer_First;Prefer_Second
STU_0154;Prefer_First;Prefer_First;Prefer_Second;Equal;Prefer_Second;Prefer_First
STU_0155;Prefer_Second;Prefer_First;Equal;Prefer_First;Prefer_Second;Equal
STU_0156;Prefer_Second;Equal;Equal;Equal;Prefer_Second;Prefer_Second
STU_0157;Prefer_Second;Prefer_First;Equal;Prefer_First;Prefer_First;Prefer_First
STU_0158;Prefer_Second;Equal;Prefer_Second;Prefer_Second;Prefer_Second;Prefer_First
STU_0159;Prefer_Second;Prefer_Second;Prefer_First;Prefer_Second;Equal;Prefer_Second
STU_0160;Prefer_Second;Equal;Equal;Prefer_First;Prefer_First;Equal
STU_0161;Equal;Prefer_Second;Prefer_First;Equal;Prefer_First;Prefer_First
STU_0162;Equal;Equal;Prefer_First;Prefer_Second;Prefer_First;Equal
STU_0163;Prefer_First;Equal;Prefer_First;Prefer_Second;Prefer_Second;Prefer_Second
STU_0164;Prefer_First;Prefer_Second;Prefer_First;Equal;Equal;Prefer_First
STU_0165;Prefer_First;Prefer_First;Prefer_First;Prefer_Second;Prefer_Second;Prefer_Second
STU_0166;Prefer_Second;Equal;Equal;Prefer_First;Prefer_Second;Prefer_Second
STU_0167;Prefer_First;Prefer_Second;Equal;Equal;Prefer_Second;Prefer_Second
STU_0168;Equal;Prefer_First;Prefer_Second;Equal;Prefer_Second;Prefer_Second
STU_0169;Prefer_Second;Prefer_Second;Prefer_Second;Prefer_First;Prefer_Second;Equal
STU_0170;Prefer_Second;Prefer_Second;Prefer_Second;Equal;Equal;Prefer_First
STU_0171;Prefer_Second;Prefer_First;Equal;Prefer_Second;Equal;Prefer_Second
STU_0172;Prefer_First;Prefer_Second;Equal;Equal;Equal;Prefer_First
STU_0173;Prefer_Second;Prefer_Second;Prefer_First;Equal;Prefer_Second;Prefer_First
STU_0174;Prefer_First;Equal;Equal;Equal;Prefer_Second;Equal
STU_0175;Equal;Prefer_First;Equal;Prefer_Second;Prefer_Second;Prefer_Second
STU_0176;Prefer_First;Equal;Prefer_Second;Prefer_First;Prefer_First;Prefer_Second
STU_0177;Equal;Prefer_Second;Equal;Equal;Equal;Prefer_Second
STU_0178;Prefer_Second;Prefer_First;Prefer_Second;Prefer_Second;Equal;Prefer_Second
STU_0179;Prefer_First;Equal;Equal;Prefer_First;Prefer_First;Equal
STU_0180;Prefer_Second;Prefer_Second;Equal;Prefer_First;Prefer_Second;Prefer_Second
STU_0181;Prefer_Second;Prefer_Second;Prefer_Second;Equal;Prefer_First;Prefer_Second
STU_0182;Prefer_First;Prefer_Second;Equal;Equal;Prefer_Second;Prefer_Second
STU_0183;Prefer_Second;Prefer_Second;Prefer_Second;Equal;Equal;Prefer_First
STU_0184;Prefer_First;Equal;Prefer_First;Equal;Prefer_First;Prefer_First
STU_0185;Prefer_Second;Prefer_First;Prefer_Second;Prefer_First;Prefer_Second;Equal
STU_0186;Prefer_First;Prefer_First;Prefer_Second;Equal;Prefer_Second;Prefer_First
STU_0187;Prefer_First;Prefer_First;Prefer_First;Equal;Equal;Equal
STU_0188;Equal;Prefer_First;Prefer_First;Equal;Prefer_Second;Prefer_First
STU_0189;Prefer_First;Prefer_Second;Prefer_First;Equal;Prefer_Second;Prefer_Second
STU_0190;Prefer_First;Equal;Equal;Prefer_Second;Prefer_Second;Prefer_First
STU_0191;Prefer_First;Equal;Equal;Equal;Equal;Prefer_First
STU_0192;Equal;Prefer_First;Equal;Prefer_Second;Equal;Prefer_First
STU_0193;Equal;Prefer_Second;Equal;Prefer_First;Prefer_Second;Prefer_Second
STU_0194;Prefer_First;Prefer_First;Equal;Equal;Prefer_First;Prefer_Second
STU_0195;Equal;Prefer_First;Prefer_Second;Prefer_Second;Prefer_Second;Equal
STU_0196;Prefer_Second;Equal;Equal;Equal;Prefer_First;Prefer_Second
STU_0197;Prefer_Second;Prefer_First;Prefer_Second;Prefer_Second;Equal;Equal
STU_0198;Prefer_First;Prefer_First;Equal;Equal;Prefer_First;Equal
STU_0199;Prefer_First;Equal;Prefer_First;Prefer_First;Prefer_First;Equal
STU_0200;Prefer_Second;Prefer_Second;Prefer_Second;Prefer_Second;Prefer_First;Equal
STU_0201;Prefer_First;Prefer_Second;Prefer_Second;Prefer_First;Prefer_Second;Prefer_Second
STU_0202;Prefer_First;Equal;Equal;Prefer_First;Equal;Prefer_First
STU_0203;Equal;Prefer_First;Equal;Prefer_Second;Prefer_Second;Prefer_Second
STU_0204;Prefer_First;Equal;Prefer_First;Prefer_First;Equal;Prefer_Second
STU_0205;Prefer_First;Prefer_First;Equal;Prefer_First;Prefer_Second;Prefer_Second
STU_0206;Prefer_Second;Prefer_First;Prefer_First;Equal;Equal;Prefer_Second
STU_0207;Prefer_Second;Prefer_Second;Equal;Prefer_Second;Prefer_Second;Prefer_Second
STU_0208;Prefer_First;Equal;Prefer_Second;Prefer_Second;Prefer_First;Equal
STU_0209;Prefer_First;Equal;Equal;Prefer_First;Equal;Prefer_First
STU_0210;Equal;Equal;Equal;Equal;Prefer_First;Prefer_First
STU_0211;Prefer_First;Prefer_Second;Equal;Equal;Prefer_First;Equal
STU_0212;Prefer_First;Prefer_Second;Prefer_Second;Prefer_First;Prefer_First;Prefer_First
STU_0213;Prefer_Second;Prefer_Second;Prefer_Second;Prefer_Second;Prefer_Second;Prefer_First
STU_0214;Equal;Prefer_Second;Equal;Prefer_Second;Prefer_First;Prefer_Second
STU_0215;Prefer_Second;Prefer_First;Equal;Prefer_First;Equal;Equal
STU_0216;Prefer_First;Prefer_First;Equal;Equal;Prefer_Second;Prefer_Second
STU_0217;Prefer_Second;Prefer_Second;Equal;Equal;Equal;Prefer_Second
STU_0218;Equal;Prefer_Second;Prefer_First;Equal;Prefer_First;Prefer_First
STU_0219;Prefer_First;Prefer_Second;Prefer_First;Prefer_First;Prefer_First;Prefer_Second
STU_0220;Equal;Prefer_First;Equal;Prefer_Second;Prefer_Second;Equal
STU_0221;Prefer_Second;Prefer_Second;Prefer_Second;Equal;Prefer_Second;Prefer_First
STU_0222;Prefer_First;Prefer_First;Prefer_Second;Equal;Prefer_First;Prefer_Second
STU_0223;Prefer_Second;Prefer_Second;Prefer_Second;Equal;Prefer_Second;Prefer_Second
STU_0224;Prefer_Second;Equal;Prefer_First;Prefer_First;Prefer_Second;Prefer_First
STU_0225;Equal;Prefer_First;Equal;Equal;Prefer_Second;Equal
STU_0226;Prefer_Second;Prefer_Second;Equal;Prefer_Second;Prefer_Second;Equal
STU_0227;Equal;Prefer_First;Equal;Equal;Prefer_First;Equal
STU_0228;Prefer_First;Prefer_First;Equal;Equal;Prefer_First;Prefer_Second
STU_0229;Prefer_Second;Prefer_First;Equal;Prefer_Second;Prefer_First;Prefer_Second
STU_0230;Prefer_First;Prefer_Second;Prefer_Second;Equal;Prefer_First;Prefer_Second
STU_0231;Prefer_Second;Prefer_First;Prefer_Second;Equal;Prefer_First;Equal
STU_0232;Equal;Prefer_First;Prefer_Second;Prefer_Second;Prefer_First;Equal
STU_0233;Prefer_Second;Prefer_First;Prefer_First;Equal;Prefer_First;Prefer_First
STU_0234;Equal;Prefer_Second;Equal;Equal;Prefer_First;Prefer_First
STU_0235;Prefer_Second;Prefer_Second;Prefer_First;Prefer_First;Prefer_Second;Equal
STU_0236;Prefer_Second;Equal;Equal;Equal;Prefer_Second;Prefer_Second
STU_0237;Prefer_Second;Prefer_First;Equal;Prefer_Second;Prefer_Second;Prefer_Second
STU_0238;Prefer_First;Equal;Prefer_First;Equal;Prefer_First;Prefer_First
STU_0239;Prefer_Second;Prefer_Second;Equal;Prefer_Second;Prefer_Second;Prefer_Second
STU_0240;Prefer_Second;Prefer_First;Prefer_First;Equal;Prefer_First;Prefer_First
STU_0241;Prefer_Second;Equal;Prefer_Second;Prefer_First;Prefer_First;Prefer_First
STU_0242;Equal;Prefer_First;Prefer_Second;Equal;Prefer_First;Equal
STU_0243;Equal;Prefer_First;Equal;Prefer_First;Prefer_First;Prefer_Second
STU_0244;Prefer_Second;Equal;Equal;Equal;Equal;Prefer_Second
STU_0245;Equal;Equal;Prefer_First;Prefer_First;Equal;Prefer_First
STU_0246;Prefer_First;Equal;Equal;Prefer_First;Prefer_First;Prefer_First
STU_0247;Prefer_Second;Equal;Prefer_Second;Equal;Prefer_Second;Equal
STU_0248;Prefer_Second;Equal;Prefer_First;Equal;Prefer_First;Equal
STU_0249;Equal;Equal;Prefer_First;Prefer_Second;Equal;Prefer_First
STU_0250;Prefer_First;Prefer_Second;Prefer_First;Equal;Prefer_First;Equal
STU_0251;Prefer_First;Prefer_First;Prefer_First;Equal;Prefer_Second;Prefer_Second
STU_0252;Prefer_Second;Prefer_First;Prefer_First;Prefer_Second;Prefer_Second;Equal
STU_0253;Prefer_Second;Equal;Equal;Prefer_Second;Prefer_Second;Prefer_First
STU_0254;Equal;Prefer_Second;Prefer_First;Prefer_Second;Prefer_First;Prefer_First
STU_0255;Prefer_Second;Equal;Equal;Equal;Prefer_Second;Prefer_Second
STU_0256;Prefer_Second;Prefer_Second;Prefer_First;Prefer_First;Prefer_First;Equal
STU_0257;Prefer_Second;Prefer_Second;Prefer_Second;Prefer_Second;Equal;Prefer_First
STU_0258;Prefer_First;Prefer_First;Prefer_Second;Prefer_First;Prefer_Second;Prefer_First
STU_0259;Prefer_Second;Prefer_Second;Prefer_Second;Prefer_First;Prefer_First;Equal
STU_0260;Prefer_Second;Prefer_Second;Prefer_First;Equal;Prefer_First;Equal
STU_0261;Prefer_Second;Prefer_Second;Prefer_First;Equal;Prefer_First;Prefer_Second
STU_0262;Equal;Prefer_Second;Prefer_First;Prefer_Second;Prefer_First;Prefer_Second
STU_0263;Prefer_First;Prefer_Second;Equal;Prefer_Second;Prefer_Second;Prefer_Second
STU_0264;Prefer_First;Prefer_First;Equal;Prefer_First;Prefer_Second;Prefer_First
STU_0265;Prefer_First;Prefer_Second;Prefer_First;Prefer_First;Prefer_Second;Prefer_First
STU_0266;Prefer_First;Equal;Equal;Equal;Equal;Equal
STU_0267;Equal;Prefer_Second;Prefer_Second;Prefer_Second;Prefer_First;Prefer_Second
STU_0268;Prefer_Second;Prefer_Second;Equal;Equal;Equal;Prefer_First
STU_0269;Prefer_First;Prefer_First;Prefer_First;Prefer_First;Prefer_Second;Equal
STU_0270;Prefer_First;Prefer_Second;Equal;Prefer_First;Prefer_Second;Prefer_First
STU_0271;Prefer_First;Prefer_Second;Prefer_Second;Prefer_Second;Prefer_First;Equal
STU_0272;Prefer_First;Equal;Prefer_Second;Equal;Prefer_Second;Prefer_First
STU_0273;Prefer_Second;Prefer_First;Prefer_Second;Prefer_Second;Equal;Equal
STU_0274;Prefer_Second;Equal;Prefer_First;Equal;Prefer_Second;Prefer_Second
STU_0275;Equal;Prefer_First;Equal;Equal;Prefer_Second;Equal
STU_0276;Equal;Equal;Equal;Equal;Prefer_First;Prefer_Second
STU_0277;Equal;Prefer_First;Prefer_First;Prefer_Second;Prefer_Second;Prefer_First
STU_0278;Prefer_Second;Prefer_Second;Prefer_Second;Equal;Prefer_First;Prefer_First
STU_0279;Equal;Equal;Prefer_First;Prefer_First;Equal;Prefer_Second
STU_0280;Equal;Equal;Prefer_Second;Equal;Equal;Equal
STU_0281;Prefer_Second;Prefer_Second;Prefer_First;Prefer_Second;Prefer_First;Prefer_First
STU_0282;Prefer_First;Prefer_First;Equal;Prefer_First;Prefer_First;Prefer_First
STU_0283;Prefer_First;Prefer_Second;Prefer_First;Prefer_Second;Prefer_Second;Prefer_First
STU_0284;Equal;Prefer_First;Prefer_First;Equal;Prefer_Second;Prefer_First
STU_0285;Equal;Prefer_Second;Prefer_Second;Prefer_Second;Prefer_First;Prefer_First
STU_0286;Prefer_First;Prefer_First;Equal;Equal;Prefer_Second;Prefer_First
STU_0287;Prefer_First;Prefer_First;Equal;Prefer_Second;Prefer_First;Equal
STU_0288;Prefer_First;Prefer_Second;Prefer_Second;Equal;Prefer_First;Prefer_Second
STU_0289;Equal;Prefer_First;Prefer_First;Prefer_Second;Prefer_Second;Equal
STU_0290;Prefer_First;Prefer_Second;Equal;Equal;Prefer_Second;Prefer_First
STU_0291;Prefer_First;Prefer_Second;Prefer_First;Prefer_Second;Prefer_Second;Prefer_First
STU_0292;Prefer_First;Equal;Prefer_Second;Prefer_First;Prefer_First;Prefer_First
STU_0293;Equal;Prefer_Second;Equal;Equal;Equal;Prefer_First
STU_0294;Prefer_Second;Prefer_Second;Prefer_Second;Prefer_First;Equal;Equal
STU_0295;Prefer_First;Equal;Equal;Prefer_Second;Equal;Prefer_Second
STU_0296;Prefer_Second;Equal;Prefer_First;Equal;Equal;Equal
STU_0297;Prefer_Second;Equal;Prefer_First;Equal;Prefer_First;Equal
STU_0298;Prefer_First;Prefer_First;Equal;Equal;Prefer_Second;Prefer_Second
STU_0299;Prefer_First;Equal;Prefer_First;Prefer_Second;Prefer_Second;Prefer_Second
STU_0300;Equal;Prefer_Second;Equal;Prefer_First;Prefer_First;Prefer_Second
STU_0301;Equal;Equal;Prefer_First;Equal;Prefer_First;Prefer_Second
STU_0302;Equal;Prefer_First;Equal;Equal;Prefer_Second;Equal
STU_0303;Equal;Prefer_First;Equal;Equal;Prefer_Second;Prefer_Second
STU_0304;Prefer_Second;Prefer_First;Equal;Equal;Prefer_Second;Prefer_Second
STU_0305;Prefer_First;Equal;Equal;Equal;Prefer_Second;Prefer_Second
STU_0306;Prefer_Second;Prefer_First;Equal;Equal;Prefer_First;Prefer_First
STU_0307;Equal;Prefer_First;Prefer_Second;Prefer_Second;Prefer_Second;Prefer_Second
STU_0308;Prefer_First;Prefer_Second;Prefer_Second;Equal;Prefer_First;Prefer_Second
STU_0309;Prefer_Second;Prefer_Second;Prefer_Second;Prefer_First;Prefer_Second;Prefer_First
STU_0310;Prefer_First;Prefer_Second;Equal;Equal;Equal;Prefer_Second
STU_0311;Prefer_Second;Prefer_First;Equal;Prefer_First;Prefer_Second;Equal
STU_0312;Prefer_First;Prefer_First;Prefer_First;Equal;Prefer_Second;Equal
STU_0313;Equal;Prefer_First;Prefer_Second;Prefer_Second;Prefer_Second;Prefer_First
STU_0314;Prefer_First;Equal;Prefer_Second;Equal;Prefer_First;Equal
STU_0315;Prefer_Second;Prefer_First;Prefer_Second;Prefer_Second;Equal;Prefer_First
STU_0316;Prefer_First;Prefer_First;Prefer_First;Prefer_First;Prefer_Second;Prefer_First
STU_0317;Equal;Prefer_First;Equal;Equal;Prefer_Second;Prefer_Second
STU_0318;Equal;Equal;Prefer_First;Prefer_Second;Prefer_First;Prefer_Second
STU_0319;Equal;Prefer_Second;Equal;Equal;Prefer_First;Prefer_First
STU_0320;Equal;Prefer_First;Prefer_First;Prefer_First;Prefer_First;Prefer_First
STU_0321;Equal;Prefer_First;Equal;Prefer_Second;Prefer_First;Equal
STU_0322;Equal;Prefer_Second;Equal;Equal;Equal;Prefer_First
STU_0323;Prefer_Second;Prefer_Second;Prefer_First;Prefer_Second;Prefer_Second;Equal
STU_0324;Prefer_Second;Equal;Equal;Equal;Prefer_Second;Prefer_Second
STU_0325;Prefer_Second;Prefer_Second;Prefer_Second;Equal;Prefer_First;Equal
STU_0326;Equal;Prefer_Second;Equal;Prefer_First;Prefer_First;Equal
STU_0327;Equal;Prefer_Second;Prefer_First;Prefer_First;Prefer_First;Equal
STU_0328;Prefer_First;Prefer_First;Prefer_Second;Equal;Prefer_First;Prefer_Second
STU_0329;Prefer_First;Equal;Equal;Equal;Prefer_First;Prefer_Second
STU_0330;Prefer_First;Prefer_First;Prefer_First;Equal;Prefer_First;Prefer_Second
STU_0331;Prefer_First;Prefer_First;Equal;Equal;Prefer_First;Prefer_Second
STU_0332;Prefer_First;Equal;Equal;Prefer_Second;Prefer_Second;Prefer_First
STU_0333;Prefer_Second;Prefer_Second;Prefer_First;Equal;Prefer_First;Prefer_First
STU_0334;Equal;Prefer_First;Prefer_First;Equal;Prefer_First;Equal
STU_0335;Equal;Prefer_First;Equal;Prefer_Second;Equal;Prefer_First
STU_0336;Prefer_First;Prefer_Second;Prefer_Second;Equal;Prefer_Second;Prefer_First
STU_0337;Prefer_First;Prefer_First;Equal;Prefer_First;Prefer_First;Equal
STU_0338;Equal;Prefer_Second;Prefer_Second;Equal;Prefer_First;Prefer_Second
STU_0339;Prefer_Second;Prefer_First;Equal;Prefer_First;Prefer_Second;Prefer_First
STU_0340;Prefer_First;Prefer_Second;Equal;Prefer_First;Equal;Prefer_Second
STU_0341;Equal;Prefer_Second;Prefer_First;Prefer_Second;Prefer_Second;Equal
STU_0342;Equal;Prefer_First;Equal;Prefer_Second;Equal;Prefer_Second
STU_0343;Prefer_First;Prefer_Second;Prefer_Second;Prefer_Second;Prefer_First;Equal
STU_0344;Equal;Prefer_Second;Prefer_First;Equal;Prefer_Second;Prefer_Second
STU_0345;Prefer_First;Equal;Prefer_First;Equal;Prefer_Second;Prefer_First
STU_0346;Prefer_First;Prefer_First;Prefer_Second;Equal;Equal;Prefer_Second
STU_0347;Prefer_First;Equal;Equal;Equal;Prefer_Second;Prefer_Second
STU_0348;Prefer_Second;Prefer_Second;Prefer_Second;Prefer_Second;Equal;Equal
STU_0349;Prefer_First;Prefer_First;Equal;Equal;Prefer_Second;Prefer_Second
STU_0350;Prefer_First;Prefer_First;Equal;Prefer_First;Equal;Equal
STU_0351;Prefer_First;Prefer_Second;Equal;Equal;Prefer_Second;Prefer_First
STU_0352;Prefer_Second;Equal;Equal;Prefer_Second;Prefer_Second;Prefer_First
STU_0353;Equal;Equal;Equal;Prefer_First;Prefer_Second;Equal
STU_0354;Prefer_First;Prefer_First;Prefer_Second;Equal;Prefer_First;Prefer_Second
STU_0355;Prefer_Second;Prefer_First;Equal;Prefer_Second;Prefer_Second;Prefer_First
STU_0356;Prefer_Second;Prefer_Second;Equal;Prefer_First;Equal;Equal
STU_0357;Prefer_First;Prefer_Second;Prefer_Second;Equal;Prefer_Second;Prefer_Second
STU_0358;Prefer_Second;Prefer_Second;Equal;Prefer_First;Prefer_First;Prefer_Second
STU_0359;Equal;Prefer_Second;Equal;Prefer_Second;Equal;Prefer_First
STU_0360;Prefer_First;Prefer_Second;Prefer_Second;Prefer_First;Prefer_Second;Prefer_First
STU_0361;Prefer_First;Equal;Prefer_Second;Prefer_Second;Prefer_Second;Equal
STU_0362;Prefer_Second;Prefer_Second;Prefer_Second;Prefer_Second;Prefer_First;Prefer_First
STU_0363;Prefer_Second;Prefer_First;Prefer_First;Equal;Prefer_First;Prefer_Second
STU_0364;Equal;Prefer_First;Prefer_Second;Equal;Prefer_Second;Prefer_Second
STU_0365;Prefer_First;Prefer_Second;Prefer_First;Equal;Prefer_Second;Equal
STU_0366;Equal;Prefer_Second;Prefer_First;Prefer_Second;Prefer_First;Equal
STU_0367;Prefer_First;Equal;Prefer_Second;Prefer_First;Prefer_Second;Equal
STU_0368;Prefer_First;Prefer_Second;Prefer_Second;Prefer_First;Equal;Equal
STU_0369;Prefer_Second;Prefer_First;Prefer_Second;Prefer_Second;Prefer_Second;Equal
STU_0370;Prefer_Second;Prefer_Second;Prefer_First;Equal;Prefer_Second;Prefer_First
STU_0371;Prefer_Second;Prefer_First;Prefer_First;Equal;Prefer_Second;Equal
STU_0372;Prefer_First;Prefer_Second;Prefer_First;Prefer_Second;Prefer_Second;Prefer_Second
STU_0373;Prefer_Second;Equal;Prefer_Second;Equal;Prefer_Second;Equal
STU_0374;Equal;Equal;Prefer_First;Equal;Prefer_First;Prefer_Second
STU_0375;Equal;Prefer_Second;Equal;Equal;Prefer_Second;Prefer_Second
STU_0376;Equal;Equal;Prefer_Second;Equal;Prefer_First;Prefer_First
STU_0377;Prefer_First;Equal;Prefer_Second;Prefer_Second;Prefer_First;Prefer_Second
STU_0378;Prefer_Second;Equal;Equal;Equal;Prefer_Second;Prefer_Second
STU_0379;Equal;Equal;Equal;Prefer_First;Prefer_First;Prefer_Second
STU_0380;Equal;Prefer_First;Equal;Prefer_First;Equal;Prefer_First
STU_0381;Prefer_Second;Equal;Equal;Equal;Equal;Prefer_First
STU_0382;Equal;Prefer_First;Equal;Equal;Equal;Equal
STU_0383;Equal;Equal;Prefer_Second;Prefer_Second;Prefer_First;Prefer_First
STU_0384;Prefer_First;Prefer_First;Equal;Equal;Prefer_Second;Prefer_Second
STU_0385;Prefer_First;Equal;Equal;Prefer_First;Prefer_Second;Prefer_Second
STU_0386;Prefer_First;Prefer_First;Prefer_First;Equal;Prefer_First;Equal
STU_0387;Prefer_Second;Prefer_First;Prefer_Second;Prefer_First;Prefer_Second;Equal
STU_0388;Prefer_Second;Prefer_Second;Prefer_Second;Equal;Prefer_Second;Prefer_Second
STU_0389;Prefer_Second;Equal;Prefer_Second;Prefer_First;Equal;Prefer_Second
STU_0390;Prefer_Second;Prefer_Second;Equal;Prefer_Second;Prefer_Second;Prefer_First
STU_0391;Prefer_Second;Prefer_First;Equal;Equal;Prefer_Second;Equal
STU_0392;Prefer_First;Equal;Prefer_First;Equal;Prefer_First;Prefer_Second
STU_0393;Prefer_First;Prefer_First;Prefer_First;Prefer_Second;Prefer_Second;Prefer_First
STU_0394;Equal;Prefer_First;Prefer_Second;Prefer_Second;Prefer_Second;Equal
STU_0395;Prefer_Second;Equal;Prefer_Second;Equal;Prefer_First;Equal
STU_0396;Prefer_First;Equal;Equal;Prefer_First;Equal;Equal
STU_0397;Prefer_First;Prefer_First;Equal;Equal;Prefer_Second;Prefer_First
STU_0398;Prefer_First;Prefer_First;Prefer_Second;Prefer_First;Prefer_Second;Equal
STU_0399;Prefer_Second;Prefer_First;Prefer_First;Prefer_Second;Prefer_First;Prefer_Second
STU_0400;Equal;Prefer_First;Equal;Prefer_Second;Prefer_First;Prefer_Second
STU_0401;Equal;Prefer_Second;Prefer_Second;Equal;Prefer_Second;Prefer_Second
STU_0402;Prefer_Second;Prefer_First;Prefer_First;Equal;Prefer_Second;Prefer_First
STU_0403;Prefer_Second;Prefer_First;Equal;Equal;Prefer_First;Equal
STU_0404;Prefer_First;Equal;Prefer_Second;Prefer_First;Prefer_First;Prefer_First
STU_0405;Prefer_First;Prefer_First;Equal;Equal;Prefer_Second;Equal
STU_0406;Prefer_First;Prefer_First;Equal;Prefer_Second;Prefer_Second;Equal
STU_0407;Prefer_Second;Equal;Equal;Equal;Prefer_Second;Equal
STU_0408;Prefer_First;Equal;Equal;Equal;Equal;Prefer_Second
STU_0409;Prefer_First;Prefer_First;Equal;Prefer_Second;Equal;Prefer_Second
STU_0410;Equal;Equal;Prefer_First;Prefer_First;Prefer_First;Equal
STU_0411;Prefer_Second;Prefer_First;Prefer_Second;Prefer_First;Equal;Prefer_First
STU_0412;Prefer_First;Equal;Equal;Prefer_Second;Prefer_Second;Prefer_First
STU_0413;Prefer_Second;Equal;Prefer_First;Equal;Prefer_First;Prefer_Second
STU_0414;Prefer_First;Equal;Prefer_Second;Prefer_First;Equal;Prefer_Second
STU_0415;Prefer_Second;Prefer_First;Equal;Prefer_First;Equal;Prefer_First
STU_0416;Prefer_Second;Prefer_First;Prefer_First;Prefer_Second;Equal;Prefer_First
STU_0417;Prefer_First;Prefer_First;Equal;Prefer_First;Equal;Prefer_Second
STU_0418;Prefer_First;Prefer_First;Equal;Equal;Equal;Equal
STU_0419;Prefer_Second;Prefer_Second;Prefer_First;Equal;Prefer_Second;Prefer_First
STU_0420;Prefer_First;Prefer_First;Equal;Prefer_Second;Prefer_Second;Prefer_Second
STU_0421;Prefer_Second;Prefer_First;Prefer_First;Prefer_Second;Equal;Equal
STU_0422;Prefer_First;Prefer_Second;Equal;Equal;Prefer_Second;Prefer_Second
STU_0423;Equal;Prefer_Second;Prefer_First;Equal;Equal;Prefer_First
STU_0424;Prefer_First;Prefer_First;Prefer_Second;Equal;Prefer_First;Prefer_First
STU_0425;Prefer_Second;Prefer_First;Equal;Prefer_Second;Equal;Prefer_Second
STU_0426;Prefer_Second;Prefer_First;Equal;Prefer_Second;Prefer_Second;Prefer_Second
STU_0427;Prefer_First;Equal;Equal;Equal;Prefer_Second;Prefer_Second
STU_0428;Equal;Prefer_Second;Prefer_First;Equal;Equal;Equal
STU_0429;Prefer_First;Prefer_First;Prefer_Second;Prefer_Second;Prefer_Second;Prefer_Second
STU_0430;Prefer_First;Prefer_First;Prefer_Second;Prefer_Second;Prefer_First;Prefer_Second
STU_0431;Equal;Equal;Prefer_Second;Prefer_Second;Equal;Equal
STU_0432;Equal;Prefer_Second;Prefer_First;Prefer_Second;Equal;Prefer_First
STU_0433;Prefer_Second;Prefer_Second;Equal;Prefer_Second;Prefer_First;Equal
STU_0434;Equal;Prefer_First;Prefer_Second;Equal;Prefer_First;Prefer_Second
STU_0435;Prefer_Second;Prefer_Second;Prefer_First;Prefer_First;Prefer_First;Prefer_Second
STU_0436;Prefer_First;Equal;Prefer_First;Prefer_First;Prefer_First;Prefer_Second
STU_0437;Prefer_First;Prefer_Second;Prefer_First;Equal;Prefer_First;Prefer_First
STU_0438;Prefer_Second;Prefer_Second;Prefer_Second;Prefer_Second;Prefer_Second;Prefer_Second
STU_0439;Equal;Equal;Equal;Prefer_Second;Equal;Prefer_Second
STU_0440;Prefer_Second;Prefer_First;Prefer_Second;Prefer_Second;Prefer_First;Prefer_First
STU_0441;Prefer_Second;Prefer_Second;Equal;Prefer_Second;Equal;Equal
STU_0442;Prefer_First;Prefer_First;Equal;Prefer_First;Prefer_Second;Prefer_Second
STU_0443;Equal;Prefer_First;Equal;Prefer_First;Prefer_First;Prefer_Second
STU_0444;Prefer_First;Equal;Prefer_Second;Equal;Prefer_Second;Prefer_First
STU_0445;Prefer_Second;Prefer_First;Prefer_Second;Equal;Prefer_First;Equal
STU_0446;Equal;Equal;Equal;Prefer_First;Prefer_Second;Prefer_First
STU_0447;Prefer_First;Prefer_First;Prefer_Second;Prefer_Second;Prefer_First;Prefer_First
STU_0448;Equal;Prefer_Second;Prefer_First;Equal;Prefer_First;Prefer_Second
STU_0449;Equal;Prefer_First;Prefer_First;Equal;Equal;Prefer_Second
STU_0450;Prefer_First;Prefer_First;Prefer_First;Prefer_First;Prefer_Second;Prefer_Second
STU_0451;Prefer_Second;Equal;Prefer_First;Equal;Prefer_First;Prefer_First
STU_0452;Prefer_Second;Prefer_Second;Equal;Equal;Equal;Prefer_Second
STU_0453;Prefer_First;Prefer_First;Equal;Prefer_Second;Prefer_Second;Prefer_Second
STU_0454;Prefer_First;Prefer_First;Prefer_First;Equal;Prefer_First;Equal
STU_0455;Equal;Prefer_Second;Equal;Equal;Prefer_First;Prefer_First
STU_0456;Prefer_First;Prefer_Second;Equal;Prefer_First;Equal;Prefer_Second
STU_0457;Prefer_First;Prefer_First;Prefer_Second;Prefer_First;Prefer_Second;Prefer_Second
STU_0458;Prefer_First;Prefer_First;Prefer_Second;Equal;Prefer_Second;Equal
STU_0459;Prefer_First;Prefer_Second;Prefer_First;Equal;Prefer_Second;Prefer_Second
STU_0460;Equal;Equal;Prefer_Second;Equal;Prefer_Second;Prefer_Second
STU_0461;Equal;Equal;Equal;Prefer_First;Prefer_First;Prefer_Second
STU_0462;Equal;Prefer_First;Prefer_First;Prefer_Second;Prefer_First;Equal
STU_0463;Prefer_Second;Prefer_First;Equal;Prefer_Second;Equal;Prefer_Second
STU_0464;Equal;Prefer_Second;Prefer_First;Prefer_First;Prefer_First;Prefer_First
STU_0465;Prefer_First;Prefer_First;Equal;Prefer_First;Equal;Equal
STU_0466;Prefer_First;Prefer_Second;Prefer_First;Equal;Equal;Equal
STU_0467;Prefer_First;Prefer_First;Equal;Prefer_Second;Equal;Prefer_First
STU_0468;Prefer_First;Equal;Prefer_Second;Prefer_Second;Equal;Equal
STU_0469;Prefer_Second;Prefer_Second;Equal;Prefer_First;Prefer_Second;Prefer_Second
STU_0470;Equal;Prefer_First;Equal;Prefer_Second;Prefer_Second;Prefer_First
STU_0471;Prefer_First;Prefer_Second;Equal;Equal;Equal;Prefer_Second
STU_0472;Prefer_Second;Prefer_First;Equal;Equal;Prefer_Second;Prefer_First
STU_0473;Prefer_Second;Prefer_Second;Prefer_Second;Prefer_First;Prefer_Second;Prefer_First
STU_0474;Prefer_Second;Equal;Prefer_First;Prefer_First;Prefer_First;Prefer_First
STU_0475;Prefer_Second;Equal;Prefer_First;Equal;Prefer_Second;Prefer_Second
STU_0476;Prefer_Second;Prefer_First;Prefer_Second;Equal;Prefer_Second;Prefer_Second
STU_0477;Prefer_First;Prefer_First;Prefer_Second;Prefer_Second;Prefer_Second;Prefer_First
STU_0478;Equal;Prefer_First;Equal;Equal;Prefer_Second;Prefer_First
STU_0479;Prefer_Second;Equal;Prefer_First;Prefer_First;Equal;Prefer_Second
STU_0480;Equal;Prefer_Second;Prefer_First;Equal;Prefer_First;Prefer_First
STU_0481;Prefer_First;Equal;Equal;Prefer_First;Equal;Prefer_Second
STU_0482;Equal;Equal;Prefer_First;Prefer_Second;Prefer_Second;Prefer_Second
STU_0483;Prefer_First;Prefer_First;Equal;Equal;Prefer_Second;Prefer_Second
STU_0484;Prefer_First;Prefer_First;Equal;Equal;Prefer_Second;Prefer_First
STU_0485;Equal;Prefer_First;Equal;Prefer_First;Prefer_First;Prefer_Second
STU_0486;Prefer_First;Prefer_First;Prefer_First;Prefer_First;Prefer_First;Equal
STU_0487;Prefer_Second;Equal;Equal;Prefer_Second;Prefer_First;Prefer_First
STU_0488;Prefer_First;Equal;Prefer_Second;Prefer_Second;Prefer_First;Prefer_Second
STU_0489;Prefer_Second;Prefer_Second;Prefer_Second;Equal;Prefer_First;Equal
STU_0490;Equal;Prefer_Second;Prefer_First;Equal;Prefer_Second;Prefer_First
STU_0491;Prefer_Second;Equal;Prefer_Second;Prefer_First;Equal;Prefer_Second
STU_0492;Prefer_First;Equal;Equal;Equal;Equal;Prefer_First
STU_0493;Prefer_First;Prefer_Second;Prefer_First;Equal;Equal;Prefer_Second
STU_0494;Prefer_Second;Prefer_First;Equal;Equal;Prefer_First;Equal
STU_0495;Prefer_First;Prefer_Second;Prefer_First;Equal;Prefer_First;Prefer_First
STU_0496;Equal;Prefer_First;Prefer_First;Equal;Equal;Prefer_First
STU_0497;Prefer_Second;Prefer_Second;Prefer_First;Equal;Prefer_Second;Prefer_Second
STU_0498;Equal;Prefer_Second;Equal;Equal;Equal;Prefer_Second
STU_0499;Equal;Prefer_First;Prefer_Second;Prefer_Second;Prefer_Second;Prefer_First
STU_0500;Prefer_First;Equal;Prefer_Second;Equal;Prefer_Second;Prefer_Second
STU_0501;Prefer_Second;Equal;Prefer_First;Equal;Equal;Prefer_Second
STU_0502;Prefer_Second;Prefer_Second;Prefer_Second;Equal;Equal;Prefer_First
STU_0503;Prefer_First;Prefer_First;Prefer_First;Prefer_First;Prefer_First;Prefer_First
STU_0504;Prefer_Second;Prefer_Second;Prefer_Second;Equal;Prefer_First;Prefer_Second
STU_0505;Prefer_First;Prefer_First;Equal;Prefer_First;Equal;Prefer_First
STU_0506;Prefer_First;Prefer_First;Prefer_Second;Equal;Prefer_First;Equal
STU_0507;Prefer_First;Equal;Prefer_Second;Equal;Prefer_First;Prefer_Second
STU_0508;Prefer_Second;Prefer_First;Prefer_Second;Equal;Equal;Equal
STU_0509;Equal;Prefer_Second;Equal;Prefer_First;Equal;Prefer_First
STU_0510;Prefer_Second;Prefer_Second;Equal;Prefer_Second;Prefer_Second;Prefer_Second
STU_0511;Prefer_Second;Prefer_First;Equal;Equal;Prefer_Second;Prefer_Second
STU_0512;Prefer_First;Equal;Equal;Equal;Prefer_Second;Prefer_Second
STU_0513;Prefer_Second;Equal;Equal;Prefer_First;Prefer_Second;Equal
STU_0514;Equal;Prefer_First;Prefer_Second;Prefer_Second;Prefer_Second;Prefer_First
STU_0515;Prefer_First;Equal;Prefer_Second;Equal;Prefer_Second;Prefer_Second
STU_0516;Prefer_First;Prefer_Second;Equal;Equal;Prefer_First;Prefer_Second
STU_0517;Prefer_First;Prefer_First;Prefer_Second;Equal;Prefer_First;Prefer_Second
STU_0518;Prefer_Second;Prefer_Second;Equal;Prefer_Second;Prefer_First;Equal
STU_0519;Prefer_First;Equal;Prefer_First;Equal;Prefer_Second;Prefer_Second
STU_0520;Prefer_First;Prefer_First;Equal;Equal;Prefer_Second;Equal
STU_0521;Prefer_Second;Prefer_First;Prefer_First;Equal;Prefer_First;Equal
STU_0522;Prefer_First;Prefer_First;Prefer_First;Prefer_First;Prefer_Second;Prefer_Second
STU_0523;Equal;Prefer_Second;Prefer_First;Equal;Prefer_Second;Prefer_First
STU_0524;Prefer_First;Prefer_First;Prefer_Second;Prefer_Second;Prefer_Second;Equal
STU_0525;Prefer_Second;Equal;Prefer_Second;Equal;Prefer_First;Equal
STU_0526;Prefer_First;Prefer_First;Prefer_First;Equal;Prefer_Second;Equal
STU_0527;Prefer_Second;Prefer_First;Prefer_Second;Equal;Prefer_First;Prefer_First
STU_0528;Equal;Equal;Equal;Prefer_First;Prefer_First;Prefer_Second
STU_0529;Equal;Prefer_First;Prefer_Second;Equal;Prefer_Second;Prefer_Second
STU_0530;Prefer_Second;Equal;Equal;Prefer_Second;Equal;Equal
STU_0531;Prefer_First;Prefer_First;Prefer_Second;Equal;Prefer_First;Prefer_First
STU_0532;Prefer_First;Prefer_First;Prefer_Second;Prefer_Second;Prefer_Second;Prefer_Second
STU_0533;Prefer_Second;Prefer_First;Equal;Equal;Prefer_Second;Prefer_Second
STU_0534;Equal;Prefer_First;Equal;Equal;Prefer_First;Prefer_Second
STU_0535;Equal;Prefer_Second;Prefer_Second;Prefer_Second;Prefer_Second;Equal
STU_0536;Prefer_Second;Prefer_First;Equal;Equal;Prefer_Second;Prefer_First
STU_0537;Prefer_First;Prefer_Second;Prefer_First;Equal;Prefer_First;Equal
STU_0538;Prefer_First;Prefer_Second;Equal;Prefer_Second;Prefer_Second;Prefer_Second
STU_0539;Prefer_Second;Prefer_First;Prefer_Second;Equal;Prefer_Second;Prefer_Second
STU_0540;Prefer_Second;Equal;Prefer_First;Equal;Prefer_First;Prefer_First
STU_0541;Prefer_Second;Equal;Prefer_First;Prefer_First;Prefer_First;Equal
STU_0542;Prefer_First;Equal;Equal;Prefer_First;Prefer_First;Equal
STU_0543;Prefer_First;Prefer_Second;Prefer_First;Prefer_First;Equal;Prefer_First
STU_0544;Prefer_First;Prefer_First;Equal;Prefer_Second;Prefer_Second;Prefer_Second
STU_0545;Prefer_Second;Equal;Prefer_First;Prefer_First;Prefer_First;Prefer_First
STU_0546;Prefer_First;Equal;Prefer_Second;Equal;Prefer_First;Prefer_Second
STU_0547;Prefer_Second;Prefer_First;Prefer_Second;Equal;Equal;Prefer_First
STU_0548;Prefer_Second;Prefer_First;Prefer_First;Equal;Prefer_Second;Prefer_First
STU_0549;Prefer_First;Equal;Prefer_Second;Prefer_Second;Prefer_Second;Prefer_First
STU_0550;Equal;Equal;Prefer_First;Prefer_First;Prefer_Second;Prefer_Second
STU_0551;Equal;Equal;Equal;Equal;Prefer_Second;Prefer_First
STU_0552;Prefer_First;Equal;Prefer_Second;Equal;Prefer_Second;Prefer_Second
STU_0553;Prefer_First;Prefer_First;Prefer_Second;Prefer_First;Prefer_Second;Prefer_Second
STU_0554;Prefer_First;Prefer_First;Equal;Equal;Prefer_First;Prefer_Second
STU_0555;Equal;Equal;Prefer_First;Prefer_Second;Equal;Prefer_First
STU_0556;Prefer_First;Prefer_First;Prefer_First;Equal;Prefer_First;Prefer_First
STU_0557;Prefer_Second;Prefer_Second;Prefer_First;Prefer_Second;Prefer_Second;Prefer_First
STU_0558;Prefer_First;Prefer_First;Equal;Equal;Prefer_First;Prefer_First
STU_0559;Prefer_Second;Prefer_First;Equal;Prefer_Second;Prefer_First;Prefer_First
STU_0560;Prefer_First;Prefer_First;Equal;Prefer_First;Prefer_Second;Prefer_Second
STU_0561;Prefer_Second;Equal;Prefer_Second;Equal;Prefer_First;Prefer_First
STU_0562;Prefer_Second;Prefer_Second;Equal;Prefer_Second;Prefer_Second;Prefer_Second
STU_0563;Equal;Prefer_First;Equal;Equal;Prefer_First;Prefer_First
STU_0564;Prefer_First;Equal;Prefer_Second;Equal;Equal;Equal
STU_0565;Prefer_First;Equal;Prefer_Second;Prefer_Second;Prefer_Second;Prefer_Second
STU_0566;Prefer_Second;Prefer_Second;Prefer_First;Equal;Equal;Prefer_First
STU_0567;Prefer_Second;Prefer_Second;Prefer_First;Prefer_Second;Prefer_First;Equal
STU_0568;Prefer_First;Prefer_First;Equal;Prefer_Second;Prefer_Second;Prefer_Second
STU_0569;Prefer_First;Equal;Prefer_Second;Equal;Equal;Prefer_Second
STU_0570;Equal;Prefer_Second;Equal;Prefer_First;Prefer_Second;Equal
STU_0571;Prefer_First;Prefer_First;Equal;Equal;Prefer_Second;Prefer_Second
STU_0572;Equal;Prefer_First;Prefer_First;Prefer_First;Prefer_First;Prefer_Second
STU_0573;Prefer_Second;Prefer_Second;Equal;Equal;Prefer_First;Equal
STU_0574;Equal;Prefer_Second;Prefer_Second;Prefer_Second;Prefer_Second;Prefer_Second
STU_0575;Prefer_Second;Prefer_Second;Prefer_Second;Equal;Prefer_First;Prefer_Second
STU_0576;Equal;Equal;Prefer_First;Prefer_First;Prefer_Second;Equal
STU_0577;Prefer_Second;Prefer_First;Prefer_First;Equal;Prefer_Second;Prefer_Second
STU_0578;Prefer_Second;Prefer_Second;Prefer_Second;Equal;Prefer_Second;Prefer_Second
STU_0579;Prefer_First;Prefer_First;Prefer_Second;Prefer_First;Prefer_First;Equal
STU_0580;Prefer_Second;Prefer_First;Equal;Equal;Prefer_First;Prefer_First
STU_0581;Prefer_First;Prefer_Second;Equal;Prefer_Second;Prefer_Second;Prefer_First
STU_0582;Prefer_Second;Equal;Prefer_First;Prefer_Second;Prefer_First;Prefer_Second
STU_0583;Prefer_First;Equal;Equal;Equal;Equal;Prefer_First
STU_0584;Prefer_First;Equal;Equal;Equal;Prefer_Second;Prefer_First
STU_0585;Prefer_Second;Prefer_First;Equal;Equal;Prefer_First;Equal
STU_0586;Equal;Equal;Prefer_First;Prefer_First;Prefer_First;Prefer_Second
STU_0587;Prefer_First;Prefer_First;Prefer_First;Prefer_First;Equal;Equal
STU_0588;Prefer_First;Prefer_First;Equal;Equal;Equal;Prefer_First
STU_0589;Prefer_First;Prefer_First;Prefer_First;Equal;Prefer_First;Equal
STU_0590;Prefer_First;Prefer_First;Equal;Equal;Prefer_First;Prefer_Second
STU_0591;Prefer_Second;Prefer_First;Prefer_First;Equal;Prefer_First;Equal
STU_0592;Prefer_First;Prefer_First;Prefer_Second;Prefer_First;Prefer_Second;Equal
STU_0593;Prefer_First;Prefer_First;Prefer_Second;Prefer_Second;Prefer_Second;Prefer_Second
STU_0594;Equal;Prefer_Second;Prefer_First;Equal;Prefer_Second;Equal
STU_0595;Prefer_First;Equal;Prefer_First;Prefer_Second;Prefer_Second;Equal
STU_0596;Equal;Prefer_Second;Prefer_First;Equal;Prefer_First;Equal
STU_0597;Equal;Prefer_First;Prefer_Second;Equal;Prefer_First;Equal
STU_0598;Equal;Equal;Prefer_First;Equal;Equal;Prefer_Second
STU_0599;Equal;Prefer_Second;Equal;Prefer_Second;Prefer_First;Prefer_Second
STU_0600;Equal;Prefer_First;Prefer_First;Prefer_Second;Prefer_First;Equal
STU_0601;Prefer_First;Equal;Prefer_First;Prefer_First;Prefer_First;Prefer_Second
STU_0602;Equal;Equal;Prefer_First;Prefer_First;Prefer_First;Equal
STU_0603;Equal;Prefer_Second;Prefer_First;Prefer_First;Prefer_First;Prefer_First
STU_0604;Prefer_Second;Equal;Prefer_First;Equal;Prefer_Second;Prefer_First
STU_0605;Equal;Prefer_First;Prefer_Second;Prefer_Second;Prefer_First;Prefer_Second
STU_0606;Prefer_Second;Equal;Prefer_First;Prefer_First;Prefer_First;Equal
STU_0607;Prefer_First;Prefer_First;Equal;Prefer_First;Prefer_First;Prefer_First
STU_0608;Equal;Equal;Equal;Prefer_First;Equal;Prefer_First
STU_0609;Prefer_First;Equal;Equal;Prefer_First;Prefer_First;Prefer_First
STU_0610;Equal;Equal;Prefer_First;Prefer_First;Prefer_First;Prefer_Second
STU_0611;Prefer_First;Prefer_First;Equal;Equal;Prefer_Second;Equal
STU_0612;Prefer_First;Prefer_First;Prefer_Second;Prefer_First;Prefer_Second;Prefer_First
STU_0613;Prefer_First;Prefer_Second;Prefer_First;Prefer_First;Prefer_First;Equal
STU_0614;Prefer_Second;Prefer_Second;Prefer_Second;Equal;Prefer_First;Prefer_First
STU_0615;Prefer_First;Prefer_Second;Equal;Equal;Prefer_Second;Prefer_Second
STU_0616;Prefer_Second;Prefer_Second;Prefer_Second;Prefer_First;Prefer_Second;Prefer_Second
STU_0617;Prefer_First;Equal;Equal;Prefer_First;Prefer_Second;Prefer_Second
STU_0618;Equal;Prefer_First;Prefer_First;Prefer_Second;Prefer_Second;Equal
STU_0619;Equal;Prefer_First;Prefer_First;Prefer_First;Prefer_Second;Equal
STU_0620;Equal;Equal;Prefer_Second;Equal;Prefer_Second;Equal
STU_0621;Prefer_Second;Prefer_Second;Prefer_First;Prefer_Second;Prefer_First;Prefer_First
STU_0622;Equal;Equal;Equal;Prefer_Second;Equal;Prefer_Second
STU_0623;Equal;Equal;Prefer_Second;Prefer_Second;Prefer_Second;Prefer_Second
STU_0624;Equal;Prefer_First;Equal;Equal;Equal;Prefer_Second
STU_0625;Equal;Prefer_First;Equal;Prefer_Second;Prefer_First;Prefer_Second
STU_0626;Equal;Prefer_Second;Prefer_First;Equal;Prefer_Second;Prefer_First
STU_0627;Prefer_First;Prefer_First;Prefer_First;Prefer_First;Prefer_First;Prefer_First
STU_0628;Prefer_Second;Prefer_First;Prefer_Second;Prefer_Second;Equal;Prefer_Second
STU_0629;Prefer_Second;Prefer_Second;Equal;Equal;Equal;Equal
STU_0630;Prefer_First;Prefer_First;Prefer_First;Prefer_Second;Prefer_First;Prefer_First
STU_0631;Equal;Prefer_First;Prefer_Second;Equal;Prefer_First;Prefer_Second
STU_0632;Prefer_First;Equal;Prefer_Second;Prefer_Second;Prefer_First;Prefer_First
STU_0633;Prefer_Second;Prefer_First;Equal;Prefer_First;Equal;Prefer_First
STU_0634;Prefer_First;Prefer_Second;Prefer_Second;Prefer_Second;Prefer_First;Prefer_First
STU_0635;Prefer_Second;Equal;Equal;Prefer_Second;Prefer_Second;Prefer_Second
STU_0636;Prefer_First;Equal;Prefer_Second;Prefer_First;Prefer_Second;Prefer_First
STU_0637;Prefer_First;Prefer_First;Equal;Prefer_Second;Prefer_First;Prefer_First
STU_0638;Equal;Prefer_First;Prefer_First;Equal;Prefer_Second;Equal
STU_0639;Prefer_First;Prefer_First;Prefer_Second;Prefer_Second;Equal;Prefer_Second
STU_0640;Prefer_First;Prefer_First;Prefer_First;Prefer_First;Prefer_First;Prefer_First
STU_0641;Prefer_First;Equal;Prefer_First;Prefer_Second;Prefer_Second;Prefer_Second
STU_0642;Prefer_First;Prefer_Second;Equal;Equal;Prefer_Second;Equal
STU_0643;Equal;Prefer_Second;Prefer_Second;Prefer_Second;Prefer_First;Prefer_Second
STU_0644;Prefer_Second;Prefer_Second;Equal;Equal;Prefer_First;Equal
STU_0645;Prefer_First;Prefer_First;Prefer_Second;Prefer_First;Prefer_Second;Prefer_Second
STU_0646;Prefer_First;Prefer_First;Prefer_Second;Prefer_First;Equal;Prefer_Second
STU_0647;Prefer_First;Prefer_Second;Equal;Equal;Prefer_First;Equal
STU_0648;Equal;Prefer_First;Equal;Prefer_Second;Prefer_Second;Equal
STU_0649;Equal;Prefer_First;Equal;Equal;Prefer_Second;Equal
STU_0650;Equal;Prefer_First;Prefer_Second;Equal;Prefer_Second;Prefer_Second
STU_0651;Equal;Prefer_First;Prefer_First;Equal;Prefer_Second;Prefer_Second
STU_0652;Prefer_Second;Prefer_First;Equal;Prefer_Second;Prefer_Second;Prefer_Second
STU_0653;Equal;Prefer_First;Equal;Equal;Equal;Prefer_Second
STU_0654;Prefer_First;Prefer_First;Prefer_First;Equal;Equal;Equal
STU_0655;Prefer_First;Prefer_Second;Prefer_First;Prefer_Second;Prefer_First;Prefer_First
STU_0656;Prefer_Second;Prefer_First;Equal;Equal;Prefer_First;Prefer_Second
STU_0657;Prefer_First;Equal;Equal;Equal;Prefer_First;Equal
STU_0658;Equal;Equal;Prefer_First;Prefer_First;Prefer_Second;Prefer_First
STU_0659;Prefer_Second;Prefer_First;Equal;Prefer_First;Prefer_First;Prefer_Second
STU_0660;Prefer_First;Equal;Prefer_Second;Equal;Prefer_Second;Prefer_Second
STU_0661;Prefer_Second;Prefer_First;Prefer_First;Equal;Prefer_First;Equal
STU_0662;Prefer_Second;Prefer_First;Prefer_First;Prefer_First;Prefer_First;Prefer_Second
STU_0663;Prefer_First;Prefer_Second;Prefer_First;Equal;Prefer_First;Prefer_First
STU_0664;Prefer_First;Equal;Equal;Equal;Prefer_First;Prefer_First
STU_0665;Equal;Equal;Equal;Equal;Prefer_Second;Prefer_Second
STU_0666;Prefer_Second;Prefer_Second;Prefer_Second;Equal;Prefer_First;Prefer_Second
STU_0667;Prefer_Second;Prefer_First;Prefer_First;Prefer_Second;Prefer_First;Prefer_First
STU_0668;Prefer_First;Prefer_First;Equal;Prefer_First;Prefer_Second;Prefer_First
STU_0669;Prefer_Second;Prefer_First;Equal;Equal;Prefer_First;Prefer_Second
STU_0670;Prefer_Second;Prefer_First;Prefer_First;Equal;Equal;Prefer_Second
STU_0671;Prefer_First;Prefer_First;Equal;Prefer_First;Prefer_First;Prefer_Second
STU_0672;Equal;Prefer_First;Prefer_First;Equal;Prefer_Second;Prefer_Second
STU_0673;Equal;Prefer_Second;Prefer_First;Equal;Prefer_First;Equal
STU_0674;Prefer_First;Prefer_Second;Equal;Equal;Prefer_Second;Prefer_Second
STU_0675;Prefer_First;Prefer_First;Equal;Equal;Prefer_Second;Prefer_First
STU_0676;Equal;Prefer_Second;Equal;Equal;Prefer_First;Prefer_First
STU_0677;Equal;Prefer_Second;Prefer_Second;Prefer_First;Prefer_Second;Prefer_Second
STU_0678;Prefer_First;Prefer_First;Prefer_Second;Equal;Prefer_First;Equal
STU_0679;Equal;Prefer_First;Equal;Equal;Prefer_First;Prefer_Second
STU_0680;Equal;Equal;Equal;Equal;Prefer_Second;Prefer_First
STU_0681;Prefer_First;Prefer_First;Prefer_First;Equal;Prefer_First;Prefer_First
STU_0682;Prefer_Second;Prefer_First;Prefer_First;Equal;Prefer_Second;Prefer_First
STU_0683;Equal;Prefer_First;Prefer_First;Prefer_First;Prefer_First;Prefer_First
STU_0684;Prefer_First;Prefer_Second;Prefer_Second;Equal;Equal;Prefer_First
STU_0685;Equal;Prefer_First;Prefer_Second;Prefer_Second;Prefer_First;Prefer_First
STU_0686;Prefer_First;Prefer_Second;Prefer_First;Prefer_Second;Prefer_Second;Equal
STU_0687;Prefer_Second;Prefer_First;Prefer_Second;Equal;Prefer_First;Prefer_Second
STU_0688;Prefer_First;Prefer_First;Prefer_Second;Equal;Prefer_Second;Prefer_Second
STU_0689;Prefer_First;Equal;Equal;Equal;Prefer_First;Prefer_Second
STU_0690;Prefer_Second;Prefer_Second;Prefer_Second;Prefer_Second;Prefer_First;Prefer_Second
STU_0691;Prefer_First;Prefer_Second;Prefer_Second;Prefer_First;Prefer_Second;Equal
STU_0692;Equal;Prefer_Second;Equal;Equal;Equal;Prefer_Second
STU_0693;Prefer_Second;Prefer_First;Prefer_Second;Prefer_Second;Prefer_Second;Prefer_Second
STU_0694;Prefer_First;Prefer_Second;Equal;Prefer_First;Prefer_First;Prefer_First
STU_0695;Equal;Prefer_First;Equal;Prefer_First;Prefer_First;Prefer_Second
STU_0696;Prefer_First;Prefer_First;Equal;Equal;Prefer_Second;Prefer_First
STU_0697;Prefer_Second;Equal;Prefer_First;Prefer_First;Prefer_Second;Equal
STU_0698;Prefer_First;Prefer_Second;Prefer_First;Prefer_First;Prefer_Second;Equal
STU_0699;Prefer_Second;Prefer_First;Prefer_First;Prefer_Second;Prefer_First;Prefer_First
STU_0700;Equal;Prefer_Second;Prefer_Second;Prefer_Second;Prefer_First;Prefer_Second
STU_0701;Equal;Prefer_First;Equal;Equal;Prefer_Second;Prefer_Second
STU_0702;Prefer_First;Prefer_First;Prefer_First;Equal;Prefer_Second;Prefer_Second
STU_0703;Equal;Prefer_Second;Equal;Prefer_First;Prefer_First;Prefer_Second
STU_0704;Prefer_First;Prefer_First;Equal;Equal;Prefer_First;Prefer_First
STU_0705;Prefer_First;Prefer_First;Prefer_Second;Prefer_Second;Prefer_First;Prefer_Second
STU_0706;Equal;Prefer_First;Prefer_First;Prefer_First;Equal;Prefer_First
STU_0707;Prefer_Second;Equal;Equal;Prefer_First;Prefer_First;Prefer_First
STU_0708;Prefer_Second;Prefer_Second;Equal;Equal;Prefer_First;Prefer_First
STU_0709;Prefer_Second;Prefer_First;Prefer_First;Prefer_Second;Equal;Prefer_Second
STU_0710;Prefer_Second;Prefer_First;Equal;Prefer_Second;Prefer_First;Prefer_First
STU_0711;Prefer_Second;Prefer_Second;Prefer_First;Equal;Prefer_First;Equal
STU_0712;Prefer_First;Prefer_Second;Equal;Equal;Equal;Prefer_First
STU_0713;Prefer_Second;Prefer_First;Prefer_First;Equal;Prefer_First;Prefer_Second
STU_0714;Prefer_First;Prefer_First;Prefer_First;Equal;Prefer_Second;Prefer_First
STU_0715;Prefer_Second;Prefer_Second;Equal;Equal;Equal;Prefer_First
STU_0716;Prefer_Second;Equal;Prefer_Second;Prefer_First;Prefer_Second;Prefer_Second
STU_0717;Equal;Prefer_Second;Prefer_First;Equal;Prefer_Second;Prefer_First
STU_0718;Equal;Prefer_First;Prefer_First;Equal;Equal;Prefer_Second
STU_0719;Prefer_Second;Prefer_Second;Equal;Prefer_Second;Prefer_First;Prefer_First
STU_0720;Prefer_First;Prefer_First;Prefer_Second;Prefer_First;Equal;Prefer_Second
STU_0721;Prefer_Second;Prefer_Second;Prefer_First;Prefer_First;Prefer_First;Prefer_First
STU_0722;Equal;Prefer_First;Prefer_First;Prefer_First;Prefer_First;Prefer_Second
STU_0723;Prefer_Second;Equal;Prefer_First;Equal;Prefer_Second;Equal
STU_0724;Prefer_Second;Equal;Prefer_First;Prefer_First;Prefer_First;Equal
STU_0725;Equal;Equal;Prefer_First;Equal;Prefer_First;Prefer_First
STU_0726;Prefer_Second;Prefer_First;Prefer_Second;Equal;Prefer_Second;Prefer_Second
STU_0727;Equal;Equal;Equal;Equal;Prefer_First;Prefer_Second
STU_0728;Prefer_First;Equal;Equal;Prefer_First;Prefer_Second;Prefer_Second
STU_0729;Prefer_First;Prefer_Second;Prefer_First;Prefer_Second;Prefer_Second;Prefer_First
STU_0730;Equal;Prefer_Second;Equal;Prefer_Second;Equal;Equal
STU_0731;Prefer_First;Prefer_Second;Prefer_Second;Equal;Prefer_Second;Equal
STU_0732;Prefer_First;Prefer_Second;Prefer_Second;Prefer_Second;Prefer_First;Equal
STU_0733;Prefer_Second;Prefer_First;Prefer_First;Equal;Prefer_Second;Equal
STU_0734;Prefer_First;Prefer_Second;Equal;Prefer_First;Prefer_First;Prefer_First
STU_0735;Prefer_Second;Prefer_First;Prefer_First;Prefer_First;Prefer_First;Prefer_First
STU_0736;Prefer_Second;Prefer_Second;Equal;Prefer_Second;Prefer_First;Prefer_Second
STU_0737;Equal;Prefer_Second;Prefer_Second;Prefer_Second;Prefer_Second;Equal
STU_0738;Prefer_Second;Prefer_First;Prefer_First;Prefer_First;Prefer_Second;Equal
STU_0739;Prefer_First;Equal;Prefer_First;Prefer_Second;Prefer_Second;Prefer_Second
STU_0740;Prefer_First;Equal;Equal;Prefer_Second;Prefer_First;Prefer_Second
STU_0741;Equal;Equal;Prefer_First;Prefer_Second;Prefer_First;Prefer_First
STU_0742;Prefer_First;Prefer_First;Equal;Prefer_First;Prefer_Second;Prefer_First
STU_0743;Prefer_Second;Prefer_Second;Equal;Prefer_First;Equal;Prefer_First
STU_0744;Equal;Prefer_First;Prefer_First;Equal;Prefer_First;Prefer_First
STU_0745;Prefer_Second;Prefer_First;Prefer_First;Prefer_First;Prefer_First;Prefer_First
STU_0746;Equal;Equal;Equal;Equal;Prefer_Second;Prefer_First
STU_0747;Prefer_Second;Prefer_Second;Prefer_Second;Equal;Equal;Prefer_First
STU_0748;Equal;Prefer_Second;Equal;Prefer_First;Prefer_Second;Prefer_First
STU_0749;Prefer_Second;Equal;Prefer_First;Equal;Equal;Prefer_Second
