experiment,algorithm,pop_size,config,seed,effective_pop,n_feasible,runtime_s,profile_id,archetype,hypervolume,max_hv_profile,normalized_hv,normalization_scheme
nsga2_sweep,nsga2,120,sweep,0,120,120,1.5171717499979422,STU_0287,comfort_seeking,0.0003415880214182,0.000350444926724,0.9747266841937884,union_observed_max_per_profile
nsga2_sweep,nsga2,120,sweep,1,120,120,1.580391834002512,STU_0287,comfort_seeking,0.0003207023257535,0.000350444926724,0.9151290296922752,union_observed_max_per_profile
nsga2_sweep,nsga2,120,sweep,2,120,120,1.549808291998488,STU_0287,comfort_seeking,0.0003368727422556,0.000350444926724,0.9612715624239652,union_observed_max_per_profile
nsga2_sweep,nsga2,120,sweep,3,120,120,1.5337204589995963,STU_0287,comfort_seeking,0.0003410060049389,0.000350444926724,0.9730658911990544,union_observed_max_per_profile
nsga2_sweep,nsga2,120,sweep,4,120,120,1.5527475839990077,STU_0287,comfort_seeking,0.0003345503144278,0.000350444926724,0.9546444788205384,union_observed_max_per_profile
nsga2_sweep,nsga2,140,sweep,0,140,140,1.7507733759994153,STU_0287,comfort_seeking,0.0003393639563863,0.000350444926724,0.9683802803445314,union_observed_max_per_profile
nsga2_sweep,nsga2,140,sweep,1,140,140,1.6594517919984355,STU_0287,comfort_seeking,0.000343492897401,0.000350444926724,0.980162277171546,union_observed_max_per_profile
nsga2_sweep,nsga2,140,sweep,2,140,140,1.6828513750006096,STU_0287,comfort_seeking,0.0003440366553804,0.000350444926724,0.9817138989469576,union_observed_max_per_profile
nsga2_sweep,nsga2,140,sweep,3,140,140,1.6716887510010563,STU_0287,comfort_seeking,0.0003317995767231,0.000350444926724,0.9467952063816144,union_observed_max_per_profile
nsga2_sweep,nsga2,140,sweep,4,140,140,1.688777792001929,STU_0287,comfort_seeking,0.00034042065565,0.000350444926724,0.9713955879807498,union_observed_max_per_profile
nsga2_sweep,nsga2,150,sweep,0,150,150,1.8450209180009551,STU_0287,comfort_seeking,0.0003440036795836,0.000350444926724,0.9816198020023984,union_observed_max_per_profile
nsga2_sweep,nsga2,150,sweep,1,150,150,1.7982233340007951,STU_0287,comfort_seeking,0.000340683234783,0.000350444926724,0.9721448615842484,union_observed_max_per_profile
nsga2_sweep,nsga2,150,sweep,2,150,150,1.7484615840003244,STU_0287,comfort_seeking,0.0003382970557525,0.000350444926724,0.9653358629412426,union_observed_max_per_profile
nsga2_sweep,nsga2,150,sweep,3,150,150,1.802097917003266,STU_0287,comfort_seeking,0.0003448784518195,0.000350444926724,0.9841159780609624,union_observed_max_per_profile
nsga2_sweep,nsga2,150,sweep,4,150,150,1.8432749590028832,STU_0287,comfort_seeking,0.000341826305651,0.000350444926724,0.9754066319248524,union_observed_max_per_profile
nsga2_sweep,nsga2,160,sweep,0,160,160,1.8073831670008076,STU_0287,comfort_seeking,0.0003418686730794,0.000350444926724,0.9755275280346024,union_observed_max_per_profile
nsga2_sweep,nsga2,160,sweep,1,160,160,1.860336334000749,STU_0287,comfort_seeking,0.0003423915641315,0.000350444926724,0.9770196057113372,union_observed_max_per_profile
nsga2_sweep,nsga2,160,sweep,2,160,160,1.7814187929980108,STU_0287,comfort_seeking,0.0003439965834204,0.000350444926724,0.9815995529913256,union_observed_max_per_profile
nsga2_sweep,nsga2,160,sweep,3,160,160,1.7932107929991616,STU_0287,comfort_seeking,0.0003377296457152,0.000350444926724,0.96371674965402,union_observed_max_per_profile
nsga2_sweep,nsga2,160,sweep,4,160,160,1.886251126001298,STU_0287,comfort_seeking,0.0003430269372288,0.000350444926724,0.9788326526378928,union_observed_max_per_profile
nsga2_sweep,nsga2,168,sweep,0,168,168,1.9096980429967516,STU_0287,comfort_seeking,0.0003407403168142,0.000350444926724,0.9723077460399808,union_observed_max_per_profile
nsga2_sweep,nsga2,168,sweep,1,168,168,2.7399732929989113,STU_0287,comfort_seeking,0.0003430035029127,0.000350444926724,0.9787657824557344,union_observed_max_per_profile
nsga2_sweep,nsga2,168,sweep,2,168,168,2.356606166998972,STU_0287,comfort_seeking,0.0003415789080785,0.000350444926724,0.9747006791384124,union_observed_max_per_profile
nsga2_sweep,nsga2,168,sweep,3,168,168,2.0562975840002764,STU_0287,comfort_seeking,0.0003407548161364,0.000350444926724,0.9723491200793956,union_observed_max_per_profile
nsga2_sweep,nsga2,168,sweep,4,168,168,1.9591845009999815,STU_0287,comfort_seeking,0.0003460529413592,0.000350444926724,0.9874674020653612,union_observed_max_per_profile
nsga2_sweep,nsga2,170,sweep,0,170,170,2.435726916999556,STU_0287,comfort_seeking,0.0003449831209188,0.000350444926724,0.9844146529490226,union_observed_max_per_profile
nsga2_sweep,nsga2,170,sweep,1,170,170,2.231361376001587,STU_0287,comfort_seeking,0.0003414392489906,0.000350444926724,0.9743021597783468,union_observed_max_per_profile
nsga2_sweep,nsga2,170,sweep,2,170,170,2.1091951680027705,STU_0287,comfort_seeking,0.0003437693604703,0.000350444926724,0.9809511688009994,union_observed_max_per_profile
nsga2_sweep,nsga2,170,sweep,3,170,170,2.048152000999835,STU_0287,comfort_seeking,0.0003409017643485,0.000350444926724,0.972768439067478,union_observed_max_per_profile
nsga2_sweep,nsga2,170,sweep,4,170,170,2.784755792999931,STU_0287,comfort_seeking,0.0003451290355258,0.000350444926724,0.9848310225292662,union_observed_max_per_profile
nsga2_sweep,nsga2,180,sweep,0,180,180,2.4823610429994005,STU_0287,comfort_seeking,0.000344821246902,0.000350444926724,0.9839527429471152,union_observed_max_per_profile
nsga2_sweep,nsga2,180,sweep,1,180,180,2.1391195010000956,STU_0287,comfort_seeking,0.0003477332232774,0.000350444926724,0.9922621124181048,union_observed_max_per_profile
nsga2_sweep,nsga2,180,sweep,2,180,180,2.1339227509997727,STU_0287,comfort_seeking,0.0003434117530274,0.000350444926724,0.979930730450752,union_observed_max_per_profile
nsga2_sweep,nsga2,180,sweep,3,180,180,2.1774861679987225,STU_0287,comfort_seeking,0.0003439677269964,0.000350444926724,0.9815172107406064,union_observed_max_per_profile
nsga2_sweep,nsga2,180,sweep,4,180,180,2.1369020429992815,STU_0287,comfort_seeking,0.0003441169736258,0.000350444926724,0.9819430882981616,union_observed_max_per_profile
nsga2_sweep,nsga2,200,sweep,0,200,200,2.3623452089996135,STU_0287,comfort_seeking,0.0003448074817687,0.000350444926724,0.9839134639270314,union_observed_max_per_profile
nsga2_sweep,nsga2,200,sweep,1,200,200,2.3488134180006455,STU_0287,comfort_seeking,0.0003433194106505,0.000350444926724,0.97966723005481,union_observed_max_per_profile
nsga2_sweep,nsga2,200,sweep,2,200,200,2.3610199590002594,STU_0287,comfort_seeking,0.0003443775257283,0.000350444926724,0.9826865777384955,union_observed_max_per_profile
nsga2_sweep,nsga2,200,sweep,3,200,200,2.636436335000326,STU_0287,comfort_seeking,0.0003442254271636,0.000350444926724,0.9822525621398618,union_observed_max_per_profile
nsga2_sweep,nsga2,200,sweep,4,200,200,2.3643847510029445,STU_0287,comfort_seeking,0.0003461353748999,0.000350444926724,0.9877026274444644,union_observed_max_per_profile
nsga2_sweep,nsga2,120,sweep,0,120,120,3.3022642079740763,STU_0036,comfort_seeking,22.64182876479339,23.390755185056378,0.9679819478106696,union_observed_max_per_profile
nsga2_sweep,nsga2,120,sweep,1,120,120,3.598861999984365,STU_0036,comfort_seeking,22.74760938950585,23.390755185056378,0.9725042739978992,union_observed_max_per_profile
nsga2_sweep,nsga2,120,sweep,2,120,120,2.739263708004728,STU_0036,comfort_seeking,22.510790473098588,23.390755185056378,0.9623798075352448,union_observed_max_per_profile
nsga2_sweep,nsga2,120,sweep,3,120,120,3.126654541003518,STU_0036,comfort_seeking,22.599145706255968,23.390755185056378,0.9661571645490888,union_observed_max_per_profile
nsga2_sweep,nsga2,120,sweep,4,120,120,2.4467015000409447,STU_0036,comfort_seeking,22.50740955220764,23.390755185056378,0.9622352666316186,union_observed_max_per_profile
nsga2_sweep,nsga2,140,sweep,0,140,140,3.140322749968618,STU_0036,comfort_seeking,22.603975110129067,23.390755185056378,0.966363630900213,union_observed_max_per_profile
nsga2_sweep,nsga2,140,sweep,1,140,140,3.8378821660298854,STU_0036,comfort_seeking,22.684206945152212,23.390755185056378,0.969793696940766,union_observed_max_per_profile
nsga2_sweep,nsga2,140,sweep,2,140,140,3.2429275409667753,STU_0036,comfort_seeking,22.760790044526413,23.390755185056378,0.9730677724790848,union_observed_max_per_profile
nsga2_sweep,nsga2,140,sweep,3,140,140,3.265406207996421,STU_0036,comfort_seeking,22.761290558160276,23.390755185056378,0.9730891704044576,union_observed_max_per_profile
nsga2_sweep,nsga2,140,sweep,4,140,140,3.864204542012885,STU_0036,comfort_seeking,22.80932977752338,23.390755185056378,0.9751429398951408,union_observed_max_per_profile
nsga2_sweep,nsga2,150,sweep,0,150,150,4.083636874973308,STU_0036,comfort_seeking,22.659358453865917,23.390755185056378,0.96873137590454,union_observed_max_per_profile
nsga2_sweep,nsga2,150,sweep,1,150,150,3.7511423749965616,STU_0036,comfort_seeking,22.894340385988627,23.390755185056378,0.9787773077380206,union_observed_max_per_profile
nsga2_sweep,nsga2,150,sweep,2,150,150,3.588548166968394,STU_0036,comfort_seeking,22.4317550586328,23.390755185056378,0.9590008907862771,union_observed_max_per_profile
nsga2_sweep,nsga2,150,sweep,3,150,150,3.4511434590094723,STU_0036,comfort_seeking,22.771464102965083,23.390755185056378,0.9735241091109816,union_observed_max_per_profile
nsga2_sweep,nsga2,150,sweep,4,150,150,3.462867541995365,STU_0036,comfort_seeking,22.8901629212677,23.390755185056378,0.978598713045892,union_observed_max_per_profile
nsga2_sweep,nsga2,160,sweep,0,160,160,3.9391674159560353,STU_0036,comfort_seeking,22.906894231836116,23.390755185056378,0.9793140089153948,union_observed_max_per_profile
nsga2_sweep,nsga2,160,sweep,1,160,160,4.338271540997084,STU_0036,comfort_seeking,22.59420120731763,23.390755185056378,0.9659457776614396,union_observed_max_per_profile
nsga2_sweep,nsga2,160,sweep,2,160,160,3.8220060410094447,STU_0036,comfort_seeking,22.80367428894556,23.390755185056378,0.9749011568260144,union_observed_max_per_profile
nsga2_sweep,nsga2,160,sweep,3,160,160,4.426723542041145,STU_0036,comfort_seeking,22.625708640963506,23.390755185056378,0.9672927813557024,union_observed_max_per_profile
nsga2_sweep,nsga2,160,sweep,4,160,160,3.823365791002289,STU_0036,comfort_seeking,22.65229231102074,23.390755185056378,0.9684292846385988,union_observed_max_per_profile
nsga2_sweep,nsga2,168,sweep,0,168,168,4.2679596659727395,STU_0036,comfort_seeking,22.941961329197273,23.390755185056378,0.9808131951145456,union_observed_max_per_profile
nsga2_sweep,nsga2,168,sweep,1,168,168,4.1355758329737,STU_0036,comfort_seeking,22.884035538391107,23.390755185056378,0.9783367555832914,union_observed_max_per_profile
nsga2_sweep,nsga2,168,sweep,2,168,168,4.524383125011809,STU_0036,comfort_seeking,22.659115276513536,23.390755185056378,0.968720979602648,union_observed_max_per_profile
nsga2_sweep,nsga2,168,sweep,3,168,168,4.2606504170107655,STU_0036,comfort_seeking,22.72316311943089,23.390755185056378,0.9714591486959772,union_observed_max_per_profile
nsga2_sweep,nsga2,168,sweep,4,168,168,4.111428709002212,STU_0036,comfort_seeking,22.83067732913646,23.390755185056378,0.9760555889927944,union_observed_max_per_profile
nsga2_sweep,nsga2,170,sweep,0,170,170,4.656925708986819,STU_0036,comfort_seeking,22.988613200149036,23.390755185056378,0.98280765277881,union_observed_max_per_profile
nsga2_sweep,nsga2,170,sweep,1,170,170,4.971422665985301,STU_0036,comfort_seeking,22.271371062247137,23.390755185056378,0.9521441649081778,union_observed_max_per_profile
nsga2_sweep,nsga2,170,sweep,2,170,170,5.068249833013397,STU_0036,comfort_seeking,22.89122244251898,23.390755185056378,0.9786440096275072,union_observed_max_per_profile
nsga2_sweep,nsga2,170,sweep,3,170,170,4.662705791008193,STU_0036,comfort_seeking,22.897337021872005,23.390755185056378,0.9789054197147254,union_observed_max_per_profile
nsga2_sweep,nsga2,170,sweep,4,170,170,4.728987917013001,STU_0036,comfort_seeking,22.90515896331696,23.390755185056378,0.9792398228318148,union_observed_max_per_profile
nsga2_sweep,nsga2,180,sweep,0,180,180,4.184979083947837,STU_0036,comfort_seeking,22.552896778674153,23.390755185056378,0.9641799334928056,union_observed_max_per_profile
nsga2_sweep,nsga2,180,sweep,1,180,180,5.141492834023666,STU_0036,comfort_seeking,22.877156994163496,23.390755185056378,0.9780426845208912,union_observed_max_per_profile
nsga2_sweep,nsga2,180,sweep,2,180,180,4.610628416005056,STU_0036,comfort_seeking,22.628725225803528,23.390755185056378,0.9674217461888668,union_observed_max_per_profile
nsga2_sweep,nsga2,180,sweep,3,180,180,4.35687300004065,STU_0036,comfort_seeking,22.786389492958175,23.390755185056378,0.974162198384928,union_observed_max_per_profile
nsga2_sweep,nsga2,180,sweep,4,180,180,4.500528457982,STU_0036,comfort_seeking,22.971754921895407,23.390755185056378,0.9820869287953278,union_observed_max_per_profile
nsga2_sweep,nsga2,200,sweep,0,200,200,5.863245041982736,STU_0036,comfort_seeking,22.83316583270881,23.390755185056378,0.9761619773309502,union_observed_max_per_profile
nsga2_sweep,nsga2,200,sweep,1,200,200,5.441466375021264,STU_0036,comfort_seeking,22.846883708906898,23.390755185056378,0.976748443055958,union_observed_max_per_profile
nsga2_sweep,nsga2,200,sweep,2,200,200,5.5741532079991885,STU_0036,comfort_seeking,22.766395215972135,23.390755185056378,0.9733074043935476,union_observed_max_per_profile
nsga2_sweep,nsga2,200,sweep,3,200,200,5.700700875022449,STU_0036,comfort_seeking,22.846483548423297,23.390755185056378,0.9767313354217482,union_observed_max_per_profile
nsga2_sweep,nsga2,200,sweep,4,200,200,5.8434909579809755,STU_0036,comfort_seeking,22.856120151036308,23.390755185056378,0.977143318811629,union_observed_max_per_profile
nsga2_sweep,nsga2,120,sweep,0,120,120,3.2309460840187967,STU_0182,comfort_seeking,2.0954801788742214,2.202307508625122,0.9514930002588096,union_observed_max_per_profile
nsga2_sweep,nsga2,120,sweep,1,120,120,3.4699141669552773,STU_0182,comfort_seeking,2.1284272068785026,2.202307508625122,0.966453230778502,union_observed_max_per_profile
nsga2_sweep,nsga2,120,sweep,2,120,120,2.857949041994289,STU_0182,comfort_seeking,2.1121466264917275,2.202307508625122,0.9590607207302848,union_observed_max_per_profile
nsga2_sweep,nsga2,120,sweep,3,120,120,2.8160591250052676,STU_0182,comfort_seeking,2.1326527742138777,2.202307508625122,0.9683719307415298,union_observed_max_per_profile
nsga2_sweep,nsga2,120,sweep,4,120,120,2.8333628330146894,STU_0182,comfort_seeking,2.156743122264664,2.202307508625122,0.9793106157146496,union_observed_max_per_profile
nsga2_sweep,nsga2,140,sweep,0,140,140,3.385641041037161,STU_0182,comfort_seeking,2.1333812919316903,2.202307508625122,0.9687027281959996,union_observed_max_per_profile
nsga2_sweep,nsga2,140,sweep,1,140,140,3.527757875039242,STU_0182,comfort_seeking,2.1366522707353104,2.202307508625122,0.97018797891181,union_observed_max_per_profile
nsga2_sweep,nsga2,140,sweep,2,140,140,3.158007624966558,STU_0182,comfort_seeking,2.188452159919882,2.202307508625122,0.9937087129517668,union_observed_max_per_profile
nsga2_sweep,nsga2,140,sweep,3,140,140,3.291813457966782,STU_0182,comfort_seeking,2.16285656641603,2.202307508625122,0.9820865423858448,union_observed_max_per_profile
nsga2_sweep,nsga2,140,sweep,4,140,140,3.2405530840042047,STU_0182,comfort_seeking,2.1229493441638954,2.202307508625122,0.96396590205935,union_observed_max_per_profile
nsga2_sweep,nsga2,150,sweep,0,150,150,3.871216416009702,STU_0182,comfort_seeking,2.1887005767439107,2.202307508625122,0.9938215113793506,union_observed_max_per_profile
nsga2_sweep,nsga2,150,sweep,1,150,150,3.760123707994353,STU_0182,comfort_seeking,2.1586147976956,2.202307508625122,0.9801604858729293,union_observed_max_per_profile
nsga2_sweep,nsga2,150,sweep,2,150,150,3.4660196250188164,STU_0182,comfort_seeking,2.1175794803073194,2.202307508625122,0.9615276122948436,union_observed_max_per_profile
nsga2_sweep,nsga2,150,sweep,3,150,150,3.3257722500129603,STU_0182,comfort_seeking,2.176851025972766,2.202307508625122,0.9884409953865848,union_observed_max_per_profile
nsga2_sweep,nsga2,150,sweep,4,150,150,3.5679657920263708,STU_0182,comfort_seeking,2.1246857071065053,2.202307508625122,0.9647543309848337,union_observed_max_per_profile
nsga2_sweep,nsga2,160,sweep,0,160,160,3.804074832994957,STU_0182,comfort_seeking,2.125843667300789,2.202307508625122,0.9652801250393646,union_observed_max_per_profile
nsga2_sweep,nsga2,160,sweep,1,160,160,3.948755083954893,STU_0182,comfort_seeking,2.1593711479974704,2.202307508625122,0.9805039212464676,union_observed_max_per_profile
nsga2_sweep,nsga2,160,sweep,2,160,160,3.830903375055641,STU_0182,comfort_seeking,2.178146931265569,2.202307508625122,0.9890294260611062,union_observed_max_per_profile
nsga2_sweep,nsga2,160,sweep,3,160,160,4.2710767919779755,STU_0182,comfort_seeking,2.139355638995409,2.202307508625122,0.9714154951644274,union_observed_max_per_profile
nsga2_sweep,nsga2,160,sweep,4,160,160,3.967409041011706,STU_0182,comfort_seeking,2.123865575268055,2.202307508625122,0.9643819343802548,union_observed_max_per_profile
nsga2_sweep,nsga2,168,sweep,0,168,168,3.914689917000942,STU_0182,comfort_seeking,2.19204228326554,2.202307508625122,0.9953388773732192,union_observed_max_per_profile
nsga2_sweep,nsga2,168,sweep,1,168,168,4.2304529580287635,STU_0182,comfort_seeking,2.1671564422740666,2.202307508625122,0.9840389835600208,union_observed_max_per_profile
nsga2_sweep,nsga2,168,sweep,2,168,168,4.052388250012882,STU_0182,comfort_seeking,2.1525384380415766,2.202307508625122,0.9774013981296302,union_observed_max_per_profile
nsga2_sweep,nsga2,168,sweep,3,168,168,4.137978832994122,STU_0182,comfort_seeking,2.138288455165173,2.202307508625122,0.970930919860544,union_observed_max_per_profile
nsga2_sweep,nsga2,168,sweep,4,168,168,4.054010333027691,STU_0182,comfort_seeking,2.14386028788246,2.202307508625122,0.9734609174632703,union_observed_max_per_profile
nsga2_sweep,nsga2,170,sweep,0,170,170,4.109996167011559,STU_0182,comfort_seeking,2.116584191182048,2.202307508625122,0.9610756821618476,union_observed_max_per_profile
nsga2_sweep,nsga2,170,sweep,1,170,170,4.517741625022609,STU_0182,comfort_seeking,2.110023487445122,2.202307508625122,0.9580966686901904,union_observed_max_per_profile
nsga2_sweep,nsga2,170,sweep,2,170,170,4.334394874982536,STU_0182,comfort_seeking,2.1732479771535846,2.202307508625122,0.986804961905761,union_observed_max_per_profile
nsga2_sweep,nsga2,170,sweep,3,170,170,4.515183291980065,STU_0182,comfort_seeking,2.142773001906894,2.202307508625122,0.9729672143944172,union_observed_max_per_profile
nsga2_sweep,nsga2,170,sweep,4,170,170,4.034221458015963,STU_0182,comfort_seeking,2.202307508625122,2.202307508625122,1.0,union_observed_max_per_profile
nsga2_sweep,nsga2,180,sweep,0,180,180,4.703239583002869,STU_0182,comfort_seeking,2.1536497405990227,2.202307508625122,0.9779060063885104,union_observed_max_per_profile
nsga2_sweep,nsga2,180,sweep,1,180,180,4.6525313329766504,STU_0182,comfort_seeking,2.1569229661477265,2.202307508625122,0.9793922772820548,union_observed_max_per_profile
nsga2_sweep,nsga2,180,sweep,2,180,180,4.866683583008125,STU_0182,comfort_seeking,2.1611436650996123,2.202307508625122,0.9813087666621054,union_observed_max_per_profile
nsga2_sweep,nsga2,180,sweep,3,180,180,4.728241041011643,STU_0182,comfort_seeking,2.09999942874146,2.202307508625122,0.9535450524129886,union_observed_max_per_profile
nsga2_sweep,nsga2,180,sweep,4,180,180,4.597269082965795,STU_0182,comfort_seeking,2.1526318825059465,2.202307508625122,0.9774438283824464,union_observed_max_per_profile
nsga2_sweep,nsga2,200,sweep,0,200,200,5.278420625021681,STU_0182,comfort_seeking,2.165159566647269,2.202307508625122,0.983132263849455,union_observed_max_per_profile
nsga2_sweep,nsga2,200,sweep,1,200,200,5.459066541981883,STU_0182,comfort_seeking,2.164755583501979,2.202307508625122,0.9829488275474364,union_observed_max_per_profile
nsga2_sweep,nsga2,200,sweep,2,200,200,5.525511290994473,STU_0182,comfort_seeking,2.1755948636989912,2.202307508625122,0.9878706107927648,union_observed_max_per_profile
nsga2_sweep,nsga2,200,sweep,3,200,200,5.706857790995855,STU_0182,comfort_seeking,2.1469424322770116,2.202307508625122,0.9748604242907596,union_observed_max_per_profile
nsga2_sweep,nsga2,200,sweep,4,200,200,5.470679666963406,STU_0182,comfort_seeking,2.157980130198749,2.202307508625122,0.9798723029128452,union_observed_max_per_profile
nsga2_sweep,nsga2,120,sweep,0,120,120,2.5243927920237184,STU_0132,comfort_seeking,6.123357196437904,6.465723766419552,0.9470489952324028,union_observed_max_per_profile
nsga2_sweep,nsga2,120,sweep,1,120,120,2.450675417028833,STU_0132,comfort_seeking,6.163405794214597,6.465723766419552,0.9532429805035784,union_observed_max_per_profile
nsga2_sweep,nsga2,120,sweep,2,120,120,2.5350296670221724,STU_0132,comfort_seeking,6.175489918344252,6.465723766419552,0.9551119320032412,union_observed_max_per_profile
nsga2_sweep,nsga2,120,sweep,3,120,120,2.7924617499811575,STU_0132,comfort_seeking,6.271185842118943,6.465723766419552,0.9699124287816062,union_observed_max_per_profile
nsga2_sweep,nsga2,120,sweep,4,120,120,2.6929662080365233,STU_0132,comfort_seeking,6.110730717668207,6.465723766419552,0.9450961622278018,union_observed_max_per_profile
nsga2_sweep,nsga2,140,sweep,0,140,140,3.1468061250052415,STU_0132,comfort_seeking,6.217109610682494,6.465723766419552,0.9615489054716096,union_observed_max_per_profile
nsga2_sweep,nsga2,140,sweep,1,140,140,3.5898211249732412,STU_0132,comfort_seeking,6.276081337239084,6.465723766419552,0.970669574508364,union_observed_max_per_profile
nsga2_sweep,nsga2,140,sweep,2,140,140,3.183494290977251,STU_0132,comfort_seeking,6.29645399660897,6.465723766419552,0.9738204451774288,union_observed_max_per_profile
nsga2_sweep,nsga2,140,sweep,3,140,140,3.4738799589686096,STU_0132,comfort_seeking,6.368034387632856,6.465723766419552,0.9848911920280208,union_observed_max_per_profile
nsga2_sweep,nsga2,140,sweep,4,140,140,3.418045457976405,STU_0132,comfort_seeking,6.2708248197655365,6.465723766419552,0.9698565924411672,union_observed_max_per_profile
nsga2_sweep,nsga2,150,sweep,0,150,150,3.908238708972931,STU_0132,comfort_seeking,6.196707419490255,6.465723766419552,0.9583934673599168,union_observed_max_per_profile
nsga2_sweep,nsga2,150,sweep,1,150,150,3.3185810419963673,STU_0132,comfort_seeking,6.233713021025609,6.465723766419552,0.964116817579044,union_observed_max_per_profile
nsga2_sweep,nsga2,150,sweep,2,150,150,3.7890132080065086,STU_0132,comfort_seeking,6.259337918860106,6.465723766419552,0.9680800085163962,union_observed_max_per_profile
nsga2_sweep,nsga2,150,sweep,3,150,150,3.2658727089874446,STU_0132,comfort_seeking,6.2780372213205755,6.465723766419552,0.9709720749170034,union_observed_max_per_profile
nsga2_sweep,nsga2,150,sweep,4,150,150,3.3324376250384375,STU_0132,comfort_seeking,6.1823439781639316,6.465723766419552,0.9561719927276532,union_observed_max_per_profile
nsga2_sweep,nsga2,160,sweep,0,160,160,3.70663762500044,STU_0132,comfort_seeking,6.313548264655091,6.465723766419552,0.976464274184616,union_observed_max_per_profile
nsga2_sweep,nsga2,160,sweep,1,160,160,3.6189557500183582,STU_0132,comfort_seeking,6.200823078164444,6.465723766419552,0.9590300022356508,union_observed_max_per_profile
nsga2_sweep,nsga2,160,sweep,2,160,160,3.609047667006962,STU_0132,comfort_seeking,6.338153069329331,6.465723766419552,0.9802696957527364,union_observed_max_per_profile
nsga2_sweep,nsga2,160,sweep,3,160,160,3.6435696249827743,STU_0132,comfort_seeking,6.2704932278992125,6.465723766419552,0.9698053078706684,union_observed_max_per_profile
nsga2_sweep,nsga2,160,sweep,4,160,160,3.654706959030591,STU_0132,comfort_seeking,6.304676318713608,6.465723766419552,0.975092123708971,union_observed_max_per_profile
nsga2_sweep,nsga2,168,sweep,0,168,168,4.4658022920484655,STU_0132,comfort_seeking,6.2754608041648545,6.465723766419552,0.9705736017918288,union_observed_max_per_profile
nsga2_sweep,nsga2,168,sweep,1,168,168,4.164659500005655,STU_0132,comfort_seeking,6.304887540126141,6.465723766419552,0.9751247915772814,union_observed_max_per_profile
nsga2_sweep,nsga2,168,sweep,2,168,168,4.08358199999202,STU_0132,comfort_seeking,6.35580492496902,6.465723766419552,0.982999762219752,union_observed_max_per_profile
nsga2_sweep,nsga2,168,sweep,3,168,168,3.895389541983605,STU_0132,comfort_seeking,6.288300537237104,6.465723766419552,0.9725594170750202,union_observed_max_per_profile
nsga2_sweep,nsga2,168,sweep,4,168,168,4.021370082977228,STU_0132,comfort_seeking,6.2579074686137455,6.465723766419552,0.9678587726117958,union_observed_max_per_profile
nsga2_sweep,nsga2,170,sweep,0,170,170,4.237808917008806,STU_0132,comfort_seeking,6.25797311856964,6.465723766419552,0.9678689261473112,union_observed_max_per_profile
nsga2_sweep,nsga2,170,sweep,1,170,170,4.05017412500456,STU_0132,comfort_seeking,6.3008385739361925,6.465723766419552,0.9744985714762964,union_observed_max_per_profile
nsga2_sweep,nsga2,170,sweep,2,170,170,4.102861958032008,STU_0132,comfort_seeking,6.309656973594419,6.465723766419552,0.975862440391332,union_observed_max_per_profile
nsga2_sweep,nsga2,170,sweep,3,170,170,4.286998207971919,STU_0132,comfort_seeking,6.221137224002108,6.465723766419552,0.9621718231008056,union_observed_max_per_profile
nsga2_sweep,nsga2,170,sweep,4,170,170,4.033214290975593,STU_0132,comfort_seeking,6.211825987034036,6.465723766419552,0.9607317311166056,union_observed_max_per_profile
nsga2_sweep,nsga2,180,sweep,0,180,180,4.449276749975979,STU_0132,comfort_seeking,6.316517560461682,6.465723766419552,0.9769235106001914,union_observed_max_per_profile
nsga2_sweep,nsga2,180,sweep,1,180,180,4.4217895840411074,STU_0132,comfort_seeking,6.362995811022939,6.465723766419552,0.9841119170710412,union_observed_max_per_profile
nsga2_sweep,nsga2,180,sweep,2,180,180,4.498215167026501,STU_0132,comfort_seeking,6.390395441818653,6.465723766419552,0.9883495912720358,union_observed_max_per_profile
nsga2_sweep,nsga2,180,sweep,3,180,180,4.388502667017747,STU_0132,comfort_seeking,6.242862661127737,6.465723766419552,0.9655319167129798,union_observed_max_per_profile
nsga2_sweep,nsga2,180,sweep,4,180,180,4.396237791981548,STU_0132,comfort_seeking,6.27239476698553,6.465723766419552,0.9700994031885344,union_observed_max_per_profile
nsga2_sweep,nsga2,200,sweep,0,200,200,4.618967083981261,STU_0132,comfort_seeking,6.391028385985049,6.465723766419552,0.9884474835095116,union_observed_max_per_profile
nsga2_sweep,nsga2,200,sweep,1,200,200,4.804963790986221,STU_0132,comfort_seeking,6.255387433975002,6.465723766419552,0.9674690197040344,union_observed_max_per_profile
nsga2_sweep,nsga2,200,sweep,2,200,200,4.4975892920047045,STU_0132,comfort_seeking,6.3100126753298715,6.465723766419552,0.9759174538358129,union_observed_max_per_profile
nsga2_sweep,nsga2,200,sweep,3,200,200,4.54698450001888,STU_0132,comfort_seeking,6.351661785641794,6.465723766419552,0.9823589771387772,union_observed_max_per_profile
nsga2_sweep,nsga2,200,sweep,4,200,200,4.732943999988493,STU_0132,comfort_seeking,6.382433506221972,6.465723766419552,0.98711818456734,union_observed_max_per_profile
nsga2_sweep,nsga2,120,sweep,0,120,120,2.61873679200653,STU_0346,comfort_seeking,5.942134311410388,6.134270761795673,0.9686781921036298,union_observed_max_per_profile
nsga2_sweep,nsga2,120,sweep,1,120,120,2.8010658330167644,STU_0346,comfort_seeking,5.878750612506881,6.134270761795673,0.958345472638708,union_observed_max_per_profile
nsga2_sweep,nsga2,120,sweep,2,120,120,2.451601375010796,STU_0346,comfort_seeking,5.859364238389344,6.134270761795673,0.9551851338029532,union_observed_max_per_profile
nsga2_sweep,nsga2,120,sweep,3,120,120,2.92930083401734,STU_0346,comfort_seeking,5.827061559965539,6.134270761795673,0.949919197609692,union_observed_max_per_profile
nsga2_sweep,nsga2,120,sweep,4,120,120,2.539193000004161,STU_0346,comfort_seeking,5.948325916126133,6.134270761795673,0.9696875386023704,union_observed_max_per_profile
nsga2_sweep,nsga2,140,sweep,0,140,140,3.042966999986674,STU_0346,comfort_seeking,5.966052137467851,6.134270761795673,0.9725772417195064,union_observed_max_per_profile
nsga2_sweep,nsga2,140,sweep,1,140,140,3.1595252089900896,STU_0346,comfort_seeking,5.849130470502814,6.134270761795673,0.953516839675758,union_observed_max_per_profile
nsga2_sweep,nsga2,140,sweep,2,140,140,3.256913124991115,STU_0346,comfort_seeking,5.882885719617537,6.134270761795673,0.9590195718546098,union_observed_max_per_profile
nsga2_sweep,nsga2,140,sweep,3,140,140,3.0737038340303116,STU_0346,comfort_seeking,5.965090584434815,6.134270761795673,0.97242049072654,union_observed_max_per_profile
nsga2_sweep,nsga2,140,sweep,4,140,140,2.9907703339704312,STU_0346,comfort_seeking,5.948985373601417,6.134270761795673,0.9697950424118518,union_observed_max_per_profile
nsga2_sweep,nsga2,150,sweep,0,150,150,3.1975125000462867,STU_0346,comfort_seeking,5.9650778079467415,6.134270761795673,0.972418407921824,union_observed_max_per_profile
nsga2_sweep,nsga2,150,sweep,1,150,150,3.7229314579744823,STU_0346,comfort_seeking,5.916922412728294,6.134270761795673,0.9645681846290473,union_observed_max_per_profile
nsga2_sweep,nsga2,150,sweep,2,150,150,3.174175833002664,STU_0346,comfort_seeking,5.9564811446068,6.134270761795673,0.9710169922240556,union_observed_max_per_profile
nsga2_sweep,nsga2,150,sweep,3,150,150,3.396491708001122,STU_0346,comfort_seeking,6.0208068226077724,6.134270761795673,0.9815032717671096,union_observed_max_per_profile
nsga2_sweep,nsga2,150,sweep,4,150,150,3.1655964169767685,STU_0346,comfort_seeking,5.7763070786614295,6.134270761795673,0.9416452750400836,union_observed_max_per_profile
nsga2_sweep,nsga2,160,sweep,0,160,160,3.6795585829531774,STU_0346,comfort_seeking,6.069430490586659,6.134270761795673,0.9894298322120308,union_observed_max_per_profile
nsga2_sweep,nsga2,160,sweep,1,160,160,3.6057942920015194,STU_0346,comfort_seeking,5.95707439838955,6.134270761795673,0.9711137036027648,union_observed_max_per_profile
nsga2_sweep,nsga2,160,sweep,2,160,160,3.666521000035573,STU_0346,comfort_seeking,5.926534307221388,6.134270761795673,0.9661351018497472,union_observed_max_per_profile
nsga2_sweep,nsga2,160,sweep,3,160,160,3.434699041012209,STU_0346,comfort_seeking,5.994773915539796,6.134270761795673,0.9772594246858706,union_observed_max_per_profile
nsga2_sweep,nsga2,160,sweep,4,160,160,3.503809290996287,STU_0346,comfort_seeking,5.877689290916896,6.134270761795673,0.9581724575190308,union_observed_max_per_profile
nsga2_sweep,nsga2,168,sweep,0,168,168,4.027921582979616,STU_0346,comfort_seeking,5.876141412328797,6.134270761795673,0.9579201245770714,union_observed_max_per_profile
nsga2_sweep,nsga2,168,sweep,1,168,168,3.919216250011232,STU_0346,comfort_seeking,5.959216464547988,6.134270761795673,0.9714629001481438,union_observed_max_per_profile
nsga2_sweep,nsga2,168,sweep,2,168,168,3.934970834001433,STU_0346,comfort_seeking,5.881321253740412,6.134270761795673,0.9587645348766418,union_observed_max_per_profile
nsga2_sweep,nsga2,168,sweep,3,168,168,3.9853912500548176,STU_0346,comfort_seeking,5.8225115079990575,6.134270761795673,0.949177454679983,union_observed_max_per_profile
nsga2_sweep,nsga2,168,sweep,4,168,168,3.853879917005542,STU_0346,comfort_seeking,5.984204376855723,6.134270761795673,0.9755363936860164,union_observed_max_per_profile
nsga2_sweep,nsga2,170,sweep,0,170,170,4.07679595798254,STU_0346,comfort_seeking,5.9605408677065865,6.134270761795673,0.9716788024468892,union_observed_max_per_profile
nsga2_sweep,nsga2,170,sweep,1,170,170,3.895877290982753,STU_0346,comfort_seeking,5.995085722758875,6.134270761795673,0.977310255050422,union_observed_max_per_profile
nsga2_sweep,nsga2,170,sweep,2,170,170,4.3591855419799685,STU_0346,comfort_seeking,5.990411630821701,6.134270761795673,0.97654829130303,union_observed_max_per_profile
nsga2_sweep,nsga2,170,sweep,3,170,170,3.915910250041634,STU_0346,comfort_seeking,5.979375178402719,6.134270761795673,0.9747491446974196,union_observed_max_per_profile
nsga2_sweep,nsga2,170,sweep,4,170,170,5.100572458002716,STU_0346,comfort_seeking,6.020737793692677,6.134270761795673,0.9814920187726176,union_observed_max_per_profile
nsga2_sweep,nsga2,180,sweep,0,180,180,4.794342875014991,STU_0346,comfort_seeking,5.9640617249012,6.134270761795673,0.9722527675246196,union_observed_max_per_profile
nsga2_sweep,nsga2,180,sweep,1,180,180,4.228166916000191,STU_0346,comfort_seeking,6.005945882677088,6.134270761795673,0.9790806627060232,union_observed_max_per_profile
nsga2_sweep,nsga2,180,sweep,2,180,180,4.575901957985479,STU_0346,comfort_seeking,6.034743838098722,6.134270761795673,0.983775263994409,union_observed_max_per_profile
nsga2_sweep,nsga2,180,sweep,3,180,180,4.493840917013586,STU_0346,comfort_seeking,6.028180940308499,6.134270761795673,0.982705389832496,union_observed_max_per_profile
nsga2_sweep,nsga2,180,sweep,4,180,180,4.699783124960959,STU_0346,comfort_seeking,5.983375066040613,6.134270761795673,0.975401200629284,union_observed_max_per_profile
nsga2_sweep,nsga2,200,sweep,0,200,200,4.899694208987057,STU_0346,comfort_seeking,5.92310850286491,6.134270761795673,0.9655766321490268,union_observed_max_per_profile
nsga2_sweep,nsga2,200,sweep,1,200,200,5.382804082997609,STU_0346,comfort_seeking,5.99820003386663,6.134270761795673,0.977817945569587,union_observed_max_per_profile
nsga2_sweep,nsga2,200,sweep,2,200,200,5.668127542012371,STU_0346,comfort_seeking,6.1143079421064535,6.134270761795673,0.996745689835938,union_observed_max_per_profile
nsga2_sweep,nsga2,200,sweep,3,200,200,5.720968500012532,STU_0346,comfort_seeking,5.918685355326407,6.134270761795673,0.9648555769967092,union_observed_max_per_profile
nsga2_sweep,nsga2,200,sweep,4,200,200,6.662887749960646,STU_0346,comfort_seeking,5.970629019286571,6.134270761795673,0.9733233584131524,union_observed_max_per_profile
nsga2_sweep,nsga2,120,sweep,0,120,120,3.243992625037208,STU_0030,comfort_seeking,1.3759914607608794,1.4697471652127454,0.936209637500274,union_observed_max_per_profile
nsga2_sweep,nsga2,120,sweep,1,120,120,3.2748139169998467,STU_0030,comfort_seeking,1.43009068084903,1.4697471652127454,0.9730181589715976,union_observed_max_per_profile
nsga2_sweep,nsga2,120,sweep,2,120,120,5.309302625013515,STU_0030,comfort_seeking,1.437386673797382,1.4697471652127454,0.9779822732907404,union_observed_max_per_profile
nsga2_sweep,nsga2,120,sweep,3,120,120,3.54981679195771,STU_0030,comfort_seeking,1.4252265759129896,1.4697471652127454,0.9697086748295844,union_observed_max_per_profile
nsga2_sweep,nsga2,120,sweep,4,120,120,3.253439041960519,STU_0030,comfort_seeking,1.4576876292592458,1.4697471652127454,0.9917948227838534,union_observed_max_per_profile
nsga2_sweep,nsga2,140,sweep,0,140,140,3.574605542002246,STU_0030,comfort_seeking,1.4079833648227926,1.4697471652127454,0.9579765813795514,union_observed_max_per_profile
nsga2_sweep,nsga2,140,sweep,1,140,140,3.4730566660291515,STU_0030,comfort_seeking,1.438907021449945,1.4697471652127454,0.9790167013124764,union_observed_max_per_profile
nsga2_sweep,nsga2,140,sweep,2,140,140,3.893777500023134,STU_0030,comfort_seeking,1.4175375720994718,1.4697471652127454,0.9644771601884898,union_observed_max_per_profile
nsga2_sweep,nsga2,140,sweep,3,140,140,3.8755076249944977,STU_0030,comfort_seeking,1.448319155479691,1.4697471652127454,0.9854206150280598,union_observed_max_per_profile
nsga2_sweep,nsga2,140,sweep,4,140,140,3.653526833979413,STU_0030,comfort_seeking,1.4207310146785206,1.4697471652127454,0.9666499438172892,union_observed_max_per_profile
nsga2_sweep,nsga2,150,sweep,0,150,150,3.7166181670036167,STU_0030,comfort_seeking,1.399624615652415,1.4697471652127454,0.95228937927553,union_observed_max_per_profile
nsga2_sweep,nsga2,150,sweep,1,150,150,5.426520541950595,STU_0030,comfort_seeking,1.4329769656710496,1.4697471652127454,0.9749819558002868,union_observed_max_per_profile
nsga2_sweep,nsga2,150,sweep,2,150,150,4.725674041023012,STU_0030,comfort_seeking,1.440247267637941,1.4697471652127454,0.9799285902548182,union_observed_max_per_profile
nsga2_sweep,nsga2,150,sweep,3,150,150,4.2347556670429185,STU_0030,comfort_seeking,1.3918212351401813,1.4697471652127454,0.9469800439715192,union_observed_max_per_profile
nsga2_sweep,nsga2,150,sweep,4,150,150,3.868361417029518,STU_0030,comfort_seeking,1.3563149422633056,1.4697471652127454,0.922821948132133,union_observed_max_per_profile
nsga2_sweep,nsga2,160,sweep,0,160,160,4.744384291989263,STU_0030,comfort_seeking,1.425835795235621,1.4697471652127454,0.970123181036537,union_observed_max_per_profile
nsga2_sweep,nsga2,160,sweep,1,160,160,4.6522010419867,STU_0030,comfort_seeking,1.4265780214346715,1.4697471652127454,0.9706281836768672,union_observed_max_per_profile
nsga2_sweep,nsga2,160,sweep,2,160,160,4.669567249948159,STU_0030,comfort_seeking,1.428800073345511,1.4697471652127454,0.972140043650768,union_observed_max_per_profile
nsga2_sweep,nsga2,160,sweep,3,160,160,5.0922227909904905,STU_0030,comfort_seeking,1.4132348036330296,1.4697471652127454,0.9615496032805508,union_observed_max_per_profile
nsga2_sweep,nsga2,160,sweep,4,160,160,4.84510254196357,STU_0030,comfort_seeking,1.4425440423968867,1.4697471652127454,0.9814912908425844,union_observed_max_per_profile
nsga2_sweep,nsga2,168,sweep,0,168,168,5.150502208038233,STU_0030,comfort_seeking,1.4389699024713016,1.4697471652127454,0.979059484876102,union_observed_max_per_profile
nsga2_sweep,nsga2,168,sweep,1,168,168,5.561619792017154,STU_0030,comfort_seeking,1.4566897448578515,1.4697471652127454,0.9911158730807936,union_observed_max_per_profile
nsga2_sweep,nsga2,168,sweep,2,168,168,4.5921210829983465,STU_0030,comfort_seeking,1.4575457048256018,1.4697471652127454,0.9916982589414436,union_observed_max_per_profile
nsga2_sweep,nsga2,168,sweep,3,168,168,5.6297724160249345,STU_0030,comfort_seeking,1.440534918101095,1.4697471652127454,0.9801243045041548,union_observed_max_per_profile
nsga2_sweep,nsga2,168,sweep,4,168,168,5.05860745802056,STU_0030,comfort_seeking,1.4540831644385692,1.4697471652127454,0.9893423840882803,union_observed_max_per_profile
nsga2_sweep,nsga2,170,sweep,0,170,170,4.89333562500542,STU_0030,comfort_seeking,1.4263047263005797,1.4697471652127454,0.9704422366374305,union_observed_max_per_profile
nsga2_sweep,nsga2,170,sweep,1,170,170,4.295342541008722,STU_0030,comfort_seeking,1.454204051747643,1.4697471652127454,0.9894246344997352,union_observed_max_per_profile
nsga2_sweep,nsga2,170,sweep,2,170,170,5.5643914170213975,STU_0030,comfort_seeking,1.4538546682757256,1.4697471652127454,0.9891869177820668,union_observed_max_per_profile
nsga2_sweep,nsga2,170,sweep,3,170,170,5.552263791963924,STU_0030,comfort_seeking,1.463144942329504,1.4697471652127454,0.9955079192942102,union_observed_max_per_profile
nsga2_sweep,nsga2,170,sweep,4,170,170,4.979746124998201,STU_0030,comfort_seeking,1.425752577388662,1.4697471652127454,0.9700665605177642,union_observed_max_per_profile
nsga2_sweep,nsga2,180,sweep,0,180,180,5.366011500009336,STU_0030,comfort_seeking,1.4388182418190656,1.4697471652127454,0.978956296616362,union_observed_max_per_profile
nsga2_sweep,nsga2,180,sweep,1,180,180,5.264236874994822,STU_0030,comfort_seeking,1.4519957037408608,1.4697471652127454,0.98792209851324,union_observed_max_per_profile
nsga2_sweep,nsga2,180,sweep,2,180,180,6.157075042021461,STU_0030,comfort_seeking,1.461619853765497,1.4697471652127454,0.9944702656078456,union_observed_max_per_profile
nsga2_sweep,nsga2,180,sweep,3,180,180,6.902293333027046,STU_0030,comfort_seeking,1.435995288984455,1.4697471652127454,0.9770355901837,union_observed_max_per_profile
nsga2_sweep,nsga2,180,sweep,4,180,180,5.585977999959141,STU_0030,comfort_seeking,1.435100934135676,1.4697471652127454,0.9764270808632216,union_observed_max_per_profile
nsga2_sweep,nsga2,200,sweep,0,200,200,6.687399167043623,STU_0030,comfort_seeking,1.4166212365364987,1.4697471652127454,0.96385369542893,union_observed_max_per_profile
nsga2_sweep,nsga2,200,sweep,1,200,200,7.630346582969651,STU_0030,comfort_seeking,1.441177814089574,1.4697471652127454,0.9805617239485976,union_observed_max_per_profile
nsga2_sweep,nsga2,200,sweep,2,200,200,5.693328875000589,STU_0030,comfort_seeking,1.4307752154951292,1.4697471652127454,0.9734839089062132,union_observed_max_per_profile
nsga2_sweep,nsga2,200,sweep,3,200,200,5.913901249994524,STU_0030,comfort_seeking,1.4514071509334423,1.4697471652127454,0.9875216535786628,union_observed_max_per_profile
nsga2_sweep,nsga2,200,sweep,4,200,200,5.665313749981578,STU_0030,comfort_seeking,1.445287672531829,1.4697471652127454,0.9833580269723632,union_observed_max_per_profile
nsga2_sweep,nsga2,120,sweep,0,120,120,3.295632958994247,STU_0618,cost_sensitive,5.85952556218869,6.125849396481264,0.9565245867053876,union_observed_max_per_profile
nsga2_sweep,nsga2,120,sweep,1,120,120,5.282378916977905,STU_0618,cost_sensitive,5.962474155567925,6.125849396481264,0.9733301897681024,union_observed_max_per_profile
nsga2_sweep,nsga2,120,sweep,2,120,120,5.613903458986897,STU_0618,cost_sensitive,5.970922367709984,6.125849396481264,0.9747092984590396,union_observed_max_per_profile
nsga2_sweep,nsga2,120,sweep,3,120,120,3.7780924169928767,STU_0618,cost_sensitive,5.940265967551512,6.125849396481264,0.9697048659021306,union_observed_max_per_profile
nsga2_sweep,nsga2,120,sweep,4,120,120,3.0930433750036173,STU_0618,cost_sensitive,5.994657925349687,6.125849396481264,0.978583954217527,union_observed_max_per_profile
nsga2_sweep,nsga2,140,sweep,0,140,140,4.0179833339643665,STU_0618,cost_sensitive,6.006614721851633,6.125849396481264,0.980535813580706,union_observed_max_per_profile
nsga2_sweep,nsga2,140,sweep,1,140,140,4.407249375013635,STU_0618,cost_sensitive,5.830134603870239,6.125849396481264,0.951726728250798,union_observed_max_per_profile
nsga2_sweep,nsga2,140,sweep,2,140,140,4.136889666959178,STU_0618,cost_sensitive,6.062764752347126,6.125849396481264,0.9897018943739664,union_observed_max_per_profile
nsga2_sweep,nsga2,140,sweep,3,140,140,3.40947741700802,STU_0618,cost_sensitive,6.075236280106987,6.125849396481264,0.9917377798410536,union_observed_max_per_profile
nsga2_sweep,nsga2,140,sweep,4,140,140,3.8404278330272064,STU_0618,cost_sensitive,6.053784327081953,6.125849396481264,0.9882359057928022,union_observed_max_per_profile
nsga2_sweep,nsga2,150,sweep,0,150,150,3.9813361660344526,STU_0618,cost_sensitive,6.01134229738623,6.125849396481264,0.9813075556247256,union_observed_max_per_profile
nsga2_sweep,nsga2,150,sweep,1,150,150,3.9803236659499817,STU_0618,cost_sensitive,6.095767627276414,6.125849396481264,0.9950893717331464,union_observed_max_per_profile
nsga2_sweep,nsga2,150,sweep,2,150,150,4.025096790981479,STU_0618,cost_sensitive,6.058474879556067,6.125849396481264,0.9890016040936463,union_observed_max_per_profile
nsga2_sweep,nsga2,150,sweep,3,150,150,4.525974832999054,STU_0618,cost_sensitive,6.087867569471323,6.125849396481264,0.9937997452187188,union_observed_max_per_profile
nsga2_sweep,nsga2,150,sweep,4,150,150,3.768932166974992,STU_0618,cost_sensitive,6.063289306644134,6.125849396481264,0.9897875240169852,union_observed_max_per_profile
nsga2_sweep,nsga2,160,sweep,0,160,160,4.44483350001974,STU_0618,cost_sensitive,5.90010210050981,6.125849396481264,0.963148409084114,union_observed_max_per_profile
nsga2_sweep,nsga2,160,sweep,1,160,160,4.646895333949942,STU_0618,cost_sensitive,6.072835860191057,6.125849396481264,0.991345928889362,union_observed_max_per_profile
nsga2_sweep,nsga2,160,sweep,2,160,160,4.8147905839723535,STU_0618,cost_sensitive,5.990310930057618,6.125849396481264,0.9778743391077324,union_observed_max_per_profile
nsga2_sweep,nsga2,160,sweep,3,160,160,4.3827033750130795,STU_0618,cost_sensitive,6.097240009808929,6.125849396481264,0.9953297273862514,union_observed_max_per_profile
nsga2_sweep,nsga2,160,sweep,4,160,160,4.781228291045409,STU_0618,cost_sensitive,5.944928589737791,6.125849396481264,0.9704660047882672,union_observed_max_per_profile
nsga2_sweep,nsga2,168,sweep,0,168,168,4.494261833024211,STU_0618,cost_sensitive,5.938121980328041,6.125849396481264,0.96935487570735,union_observed_max_per_profile
nsga2_sweep,nsga2,168,sweep,1,168,168,4.296787167026196,STU_0618,cost_sensitive,6.012195350404808,6.125849396481264,0.9814468102755284,union_observed_max_per_profile
nsga2_sweep,nsga2,168,sweep,2,168,168,4.858564875030424,STU_0618,cost_sensitive,5.896714434640791,6.125849396481264,0.9625953974689468,union_observed_max_per_profile
nsga2_sweep,nsga2,168,sweep,3,168,168,4.559395832999144,STU_0618,cost_sensitive,6.091265735128651,6.125849396481264,0.9943544708473444,union_observed_max_per_profile
nsga2_sweep,nsga2,168,sweep,4,168,168,4.491094707977027,STU_0618,cost_sensitive,6.060098927947478,6.125849396481264,0.989266718086221,union_observed_max_per_profile
nsga2_sweep,nsga2,170,sweep,0,170,170,5.055616333032958,STU_0618,cost_sensitive,6.0109518308504875,6.125849396481264,0.9812438148256184,union_observed_max_per_profile
nsga2_sweep,nsga2,170,sweep,1,170,170,4.303654749994166,STU_0618,cost_sensitive,5.996055698931942,6.125849396481264,0.9788121305065258,union_observed_max_per_profile
nsga2_sweep,nsga2,170,sweep,2,170,170,4.220832749968395,STU_0618,cost_sensitive,6.034565960312661,6.125849396481264,0.9850986483244206,union_observed_max_per_profile
nsga2_sweep,nsga2,170,sweep,3,170,170,4.560983958013821,STU_0618,cost_sensitive,5.944223324542163,6.125849396481264,0.9703508754159988,union_observed_max_per_profile
nsga2_sweep,nsga2,170,sweep,4,170,170,4.211264957964886,STU_0618,cost_sensitive,5.8367811891392245,6.125849396481264,0.9528117345640128,union_observed_max_per_profile
nsga2_sweep,nsga2,180,sweep,0,180,180,4.85625145904487,STU_0618,cost_sensitive,6.0260892378710045,6.125849396481264,0.9837148855361082,union_observed_max_per_profile
nsga2_sweep,nsga2,180,sweep,1,180,180,5.437235583958682,STU_0618,cost_sensitive,6.030703413846476,6.125849396481264,0.9844681159335322,union_observed_max_per_profile
nsga2_sweep,nsga2,180,sweep,2,180,180,7.361431541969068,STU_0618,cost_sensitive,6.059328541634115,6.125849396481264,0.9891409581689424,union_observed_max_per_profile
nsga2_sweep,nsga2,180,sweep,3,180,180,5.13398312497884,STU_0618,cost_sensitive,6.105045484682086,6.125849396481264,0.9966039139305108,union_observed_max_per_profile
nsga2_sweep,nsga2,180,sweep,4,180,180,5.01241054100683,STU_0618,cost_sensitive,5.991044891224424,6.125849396481264,0.9779941528869004,union_observed_max_per_profile
nsga2_sweep,nsga2,200,sweep,0,200,200,6.1047585000051185,STU_0618,cost_sensitive,6.035176212967802,6.125849396481264,0.9851982675960748,union_observed_max_per_profile
nsga2_sweep,nsga2,200,sweep,1,200,200,5.4446276660310104,STU_0618,cost_sensitive,6.004340248754223,6.125849396481264,0.9801645225237112,union_observed_max_per_profile
nsga2_sweep,nsga2,200,sweep,2,200,200,6.355737915961072,STU_0618,cost_sensitive,6.0911213362629875,6.125849396481264,0.9943308987912396,union_observed_max_per_profile
nsga2_sweep,nsga2,200,sweep,3,200,200,5.763023541017901,STU_0618,cost_sensitive,6.0861657839053125,6.125849396481264,0.9935219412023504,union_observed_max_per_profile
nsga2_sweep,nsga2,200,sweep,4,200,200,6.247641750029288,STU_0618,cost_sensitive,6.099377593669676,6.125849396481264,0.995678672279016,union_observed_max_per_profile
nsga2_sweep,nsga2,120,sweep,0,120,120,3.1977407910162583,STU_0081,cost_sensitive,0.0004707946914129,0.0004862185544543,0.968277921728626,union_observed_max_per_profile
nsga2_sweep,nsga2,120,sweep,1,120,120,2.778482666995842,STU_0081,cost_sensitive,0.000470061433791,0.0004862185544543,0.9667698393752964,union_observed_max_per_profile
nsga2_sweep,nsga2,120,sweep,2,120,120,2.894354582997039,STU_0081,cost_sensitive,0.0004695397132437,0.0004862185544543,0.9656968228428248,union_observed_max_per_profile
nsga2_sweep,nsga2,120,sweep,3,120,120,2.8575262089725584,STU_0081,cost_sensitive,0.0004696379856214,0.0004862185544543,0.9658989384898328,union_observed_max_per_profile
nsga2_sweep,nsga2,120,sweep,4,120,120,3.246695667039603,STU_0081,cost_sensitive,0.0004732379231729,0.0004862185544543,0.9733028878425142,union_observed_max_per_profile
nsga2_sweep,nsga2,140,sweep,0,140,140,3.9541060000192374,STU_0081,cost_sensitive,0.000467026746985,0.0004862185544543,0.9605284346032216,union_observed_max_per_profile
nsga2_sweep,nsga2,140,sweep,1,140,140,3.791910291998647,STU_0081,cost_sensitive,0.0004727351726292,0.0004862185544543,0.9722688866939132,union_observed_max_per_profile
nsga2_sweep,nsga2,140,sweep,2,140,140,3.963768833025824,STU_0081,cost_sensitive,0.0004730458339231,0.0004862185544543,0.9729078201346248,union_observed_max_per_profile
nsga2_sweep,nsga2,140,sweep,3,140,140,3.4254798750043847,STU_0081,cost_sensitive,0.0004750287006586,0.0004862185544543,0.9769859589002422,union_observed_max_per_profile
nsga2_sweep,nsga2,140,sweep,4,140,140,3.6189614579780023,STU_0081,cost_sensitive,0.0004775358577932,0.0004862185544543,0.9821423995823424,union_observed_max_per_profile
nsga2_sweep,nsga2,150,sweep,0,150,150,3.4151217080070637,STU_0081,cost_sensitive,0.0004742789076831,0.0004862185544543,0.9754438684790172,union_observed_max_per_profile
nsga2_sweep,nsga2,150,sweep,1,150,150,3.850846291985363,STU_0081,cost_sensitive,0.0004762148641078,0.0004862185544543,0.9794255273583808,union_observed_max_per_profile
nsga2_sweep,nsga2,150,sweep,2,150,150,3.828826124954503,STU_0081,cost_sensitive,0.0004775300896899,0.0004862185544543,0.982130536391886,union_observed_max_per_profile
nsga2_sweep,nsga2,150,sweep,3,150,150,3.9098870410234663,STU_0081,cost_sensitive,0.0004741321666944,0.0004862185544543,0.9751420680080676,union_observed_max_per_profile
nsga2_sweep,nsga2,150,sweep,4,150,150,3.9786581250373274,STU_0081,cost_sensitive,0.0004769622420925,0.0004862185544543,0.9809626508965206,union_observed_max_per_profile
nsga2_sweep,nsga2,160,sweep,0,160,160,4.170291749993339,STU_0081,cost_sensitive,0.0004756982206699,0.0004862185544543,0.978362952857426,union_observed_max_per_profile
nsga2_sweep,nsga2,160,sweep,1,160,160,4.037375540996436,STU_0081,cost_sensitive,0.0004737367567457,0.0004862185544543,0.9743288330026632,union_observed_max_per_profile
nsga2_sweep,nsga2,160,sweep,2,160,160,3.7875560829997994,STU_0081,cost_sensitive,0.0004720380348812,0.0004862185544543,0.9708350916617048,union_observed_max_per_profile
nsga2_sweep,nsga2,160,sweep,3,160,160,4.084355166007299,STU_0081,cost_sensitive,0.0004648849143183,0.0004862185544543,0.9561233524706924,union_observed_max_per_profile
nsga2_sweep,nsga2,160,sweep,4,160,160,3.895937457971741,STU_0081,cost_sensitive,0.0004741562157012,0.0004862185544543,0.9751915293182548,union_observed_max_per_profile
nsga2_sweep,nsga2,168,sweep,0,168,168,4.581602082995232,STU_0081,cost_sensitive,0.0004718414345019,0.0004862185544543,0.9704307459665996,union_observed_max_per_profile
nsga2_sweep,nsga2,168,sweep,1,168,168,4.3038667920045555,STU_0081,cost_sensitive,0.0004749538147695,0.0004862185544543,0.9768319419700996,union_observed_max_per_profile
nsga2_sweep,nsga2,168,sweep,2,168,168,4.635116458055563,STU_0081,cost_sensitive,0.0004744864083113,0.0004862185544543,0.975870632588018,union_observed_max_per_profile
nsga2_sweep,nsga2,168,sweep,3,168,168,4.454792250005994,STU_0081,cost_sensitive,0.0004713601533631,0.0004862185544543,0.9694409006916614,union_observed_max_per_profile
nsga2_sweep,nsga2,168,sweep,4,168,168,4.504868125019129,STU_0081,cost_sensitive,0.0004773189629553,0.0004862185544543,0.981696314512469,union_observed_max_per_profile
nsga2_sweep,nsga2,170,sweep,0,170,170,4.969881083990913,STU_0081,cost_sensitive,0.0004738164062757,0.0004862185544543,0.9744926472571884,union_observed_max_per_profile
nsga2_sweep,nsga2,170,sweep,1,170,170,4.332501417025924,STU_0081,cost_sensitive,0.000479898606268,0.0004862185544543,0.987001836667152,union_observed_max_per_profile
nsga2_sweep,nsga2,170,sweep,2,170,170,4.294324666960165,STU_0081,cost_sensitive,0.0004786951408709,0.0004862185544543,0.9845266834956032,union_observed_max_per_profile
nsga2_sweep,nsga2,170,sweep,3,170,170,4.924320540972985,STU_0081,cost_sensitive,0.0004781529101731,0.0004862185544543,0.983411483977237,union_observed_max_per_profile
nsga2_sweep,nsga2,170,sweep,4,170,170,4.708477584004868,STU_0081,cost_sensitive,0.0004736621635417,0.0004862185544543,0.9741754180347536,union_observed_max_per_profile
nsga2_sweep,nsga2,180,sweep,0,180,180,4.824789958016481,STU_0081,cost_sensitive,0.0004810998064057,0.0004862185544543,0.9894723309062462,union_observed_max_per_profile
nsga2_sweep,nsga2,180,sweep,1,180,180,4.668639958021231,STU_0081,cost_sensitive,0.0004803696232633,0.0004862185544543,0.9879705717985902,union_observed_max_per_profile
nsga2_sweep,nsga2,180,sweep,2,180,180,4.868002707953565,STU_0081,cost_sensitive,0.000474044479088,0.0004862185544543,0.9749617219360592,union_observed_max_per_profile
nsga2_sweep,nsga2,180,sweep,3,180,180,5.65115341701312,STU_0081,cost_sensitive,0.0004719897749714,0.0004862185544543,0.9707358360709972,union_observed_max_per_profile
nsga2_sweep,nsga2,180,sweep,4,180,180,6.461520124983508,STU_0081,cost_sensitive,0.0004769370998763,0.0004862185544543,0.9809109411952894,union_observed_max_per_profile
nsga2_sweep,nsga2,200,sweep,0,200,200,6.191928999964148,STU_0081,cost_sensitive,0.0004796787303502,0.0004862185544543,0.9865496204450686,union_observed_max_per_profile
nsga2_sweep,nsga2,200,sweep,1,200,200,6.086917541979346,STU_0081,cost_sensitive,0.000477856053468,0.0004862185544543,0.9828009422723684,union_observed_max_per_profile
nsga2_sweep,nsga2,200,sweep,2,200,200,5.783572708023712,STU_0081,cost_sensitive,0.0004827113245564,0.0004862185544543,0.992786721391586,union_observed_max_per_profile
nsga2_sweep,nsga2,200,sweep,3,200,200,5.210976833011955,STU_0081,cost_sensitive,0.00047093100702,0.0004862185544543,0.9685582804393992,union_observed_max_per_profile
nsga2_sweep,nsga2,200,sweep,4,200,200,5.928043375024572,STU_0081,cost_sensitive,0.0004784335690209,0.0004862185544543,0.9839887117386236,union_observed_max_per_profile
nsga2_sweep,nsga2,120,sweep,0,120,120,2.8371682500001043,STU_0242,cost_sensitive,23.868670332629364,25.40422629051822,0.9395550984183296,union_observed_max_per_profile
nsga2_sweep,nsga2,120,sweep,1,120,120,2.581106500001624,STU_0242,cost_sensitive,24.318014860698455,25.40422629051822,0.957242884809872,union_observed_max_per_profile
nsga2_sweep,nsga2,120,sweep,2,120,120,2.665946041990537,STU_0242,cost_sensitive,23.538633742330603,25.40422629051822,0.9265636935030797,union_observed_max_per_profile
nsga2_sweep,nsga2,120,sweep,3,120,120,3.106590916053392,STU_0242,cost_sensitive,23.28014070396898,25.40422629051822,0.9163884952740312,union_observed_max_per_profile
nsga2_sweep,nsga2,120,sweep,4,120,120,3.268857166985981,STU_0242,cost_sensitive,23.89407529927459,25.40422629051822,0.9405551275613036,union_observed_max_per_profile
nsga2_sweep,nsga2,140,sweep,0,140,140,3.797619166027289,STU_0242,cost_sensitive,24.31312336560992,25.40422629051822,0.9570503383007756,union_observed_max_per_profile
nsga2_sweep,nsga2,140,sweep,1,140,140,3.558931000006851,STU_0242,cost_sensitive,23.9629691903659,25.40422629051822,0.9432670342457842,union_observed_max_per_profile
nsga2_sweep,nsga2,140,sweep,2,140,140,3.5032052499591373,STU_0242,cost_sensitive,24.007774538232315,25.40422629051822,0.9450307308588606,union_observed_max_per_profile
nsga2_sweep,nsga2,140,sweep,3,140,140,3.1587223749957047,STU_0242,cost_sensitive,23.84343679894908,25.40422629051822,0.938561817481854,union_observed_max_per_profile
nsga2_sweep,nsga2,140,sweep,4,140,140,3.3231326669920236,STU_0242,cost_sensitive,24.717864762757717,25.40422629051822,0.9729823880518385,union_observed_max_per_profile
nsga2_sweep,nsga2,150,sweep,0,150,150,4.056594708003104,STU_0242,cost_sensitive,23.716349753590876,25.40422629051822,0.9335592228779146,union_observed_max_per_profile
nsga2_sweep,nsga2,150,sweep,1,150,150,3.555859500018414,STU_0242,cost_sensitive,23.411558269423267,25.40422629051822,0.9215615544316464,union_observed_max_per_profile
nsga2_sweep,nsga2,150,sweep,2,150,150,3.8484362080344,STU_0242,cost_sensitive,24.084039846990095,25.40422629051822,0.9480328025569168,union_observed_max_per_profile
nsga2_sweep,nsga2,150,sweep,3,150,150,3.784042167011648,STU_0242,cost_sensitive,24.031095562474764,25.40422629051822,0.94594872867449,union_observed_max_per_profile
nsga2_sweep,nsga2,150,sweep,4,150,150,3.928329416026827,STU_0242,cost_sensitive,24.10549204855231,25.40422629051822,0.9488772369166528,union_observed_max_per_profile
nsga2_sweep,nsga2,160,sweep,0,160,160,3.926432042033411,STU_0242,cost_sensitive,24.230993139223713,25.40422629051822,0.95381740274718,union_observed_max_per_profile
nsga2_sweep,nsga2,160,sweep,1,160,160,3.92322612501448,STU_0242,cost_sensitive,24.45489412815833,25.40422629051822,0.9626309358331367,union_observed_max_per_profile
nsga2_sweep,nsga2,160,sweep,2,160,160,3.949861333006993,STU_0242,cost_sensitive,23.79318320807906,25.40422629051822,0.9365836587969436,union_observed_max_per_profile
nsga2_sweep,nsga2,160,sweep,3,160,160,4.087664083985146,STU_0242,cost_sensitive,24.119685082993755,25.40422629051822,0.9494359248404308,union_observed_max_per_profile
nsga2_sweep,nsga2,160,sweep,4,160,160,4.164568124979269,STU_0242,cost_sensitive,24.534156083758788,25.40422629051822,0.9657509661262867,union_observed_max_per_profile
nsga2_sweep,nsga2,168,sweep,0,168,168,4.030666833044961,STU_0242,cost_sensitive,24.291809115498445,25.40422629051822,0.9562113341969808,union_observed_max_per_profile
nsga2_sweep,nsga2,168,sweep,1,168,168,4.437127374985721,STU_0242,cost_sensitive,24.06754624805947,25.40422629051822,0.9473835562959992,union_observed_max_per_profile
nsga2_sweep,nsga2,168,sweep,2,168,168,4.011276125034783,STU_0242,cost_sensitive,24.86164429229525,25.40422629051822,0.9786420577419638,union_observed_max_per_profile
nsga2_sweep,nsga2,168,sweep,3,168,168,4.299042958009522,STU_0242,cost_sensitive,24.09377132962008,25.40422629051822,0.9484158680562828,union_observed_max_per_profile
nsga2_sweep,nsga2,168,sweep,4,168,168,4.425775874988176,STU_0242,cost_sensitive,24.73543007967554,25.40422629051822,0.9736738209148964,union_observed_max_per_profile
nsga2_sweep,nsga2,170,sweep,0,170,170,4.700825000007171,STU_0242,cost_sensitive,24.651538387478983,25.40422629051822,0.9703715478506754,union_observed_max_per_profile
nsga2_sweep,nsga2,170,sweep,1,170,170,4.564623749989551,STU_0242,cost_sensitive,24.624224464339807,25.40422629051822,0.9692963754432647,union_observed_max_per_profile
nsga2_sweep,nsga2,170,sweep,2,170,170,4.111699916946236,STU_0242,cost_sensitive,24.77366800824706,25.40422629051822,0.975179000727666,union_observed_max_per_profile
nsga2_sweep,nsga2,170,sweep,3,170,170,4.447628125024494,STU_0242,cost_sensitive,23.346992760007975,25.40422629051822,0.9190200281250808,union_observed_max_per_profile
nsga2_sweep,nsga2,170,sweep,4,170,170,4.170550582988653,STU_0242,cost_sensitive,23.352350964428503,25.40422629051822,0.919230945960533,union_observed_max_per_profile
nsga2_sweep,nsga2,180,sweep,0,180,180,4.612071083043702,STU_0242,cost_sensitive,24.498475452463264,25.40422629051822,0.9643464505591728,union_observed_max_per_profile
nsga2_sweep,nsga2,180,sweep,1,180,180,4.901587291038595,STU_0242,cost_sensitive,24.779551892884975,25.40422629051822,0.975410611191635,union_observed_max_per_profile
nsga2_sweep,nsga2,180,sweep,2,180,180,4.495022708026227,STU_0242,cost_sensitive,24.412815441261248,25.40422629051822,0.9609745702183812,union_observed_max_per_profile
nsga2_sweep,nsga2,180,sweep,3,180,180,5.892634583986364,STU_0242,cost_sensitive,24.682729875425753,25.40422629051822,0.9715993548930968,union_observed_max_per_profile
nsga2_sweep,nsga2,180,sweep,4,180,180,5.3284254589816555,STU_0242,cost_sensitive,24.36857082943917,25.40422629051822,0.9592329461548847,union_observed_max_per_profile
nsga2_sweep,nsga2,200,sweep,0,200,200,5.511096208007075,STU_0242,cost_sensitive,24.630696810572225,25.40422629051822,0.9695511498323134,union_observed_max_per_profile
nsga2_sweep,nsga2,200,sweep,1,200,200,5.165774791967124,STU_0242,cost_sensitive,24.628430844941843,25.40422629051822,0.969461953428358,union_observed_max_per_profile
nsga2_sweep,nsga2,200,sweep,2,200,200,5.308357625035569,STU_0242,cost_sensitive,24.560618530409695,25.40422629051822,0.966792621414202,union_observed_max_per_profile
nsga2_sweep,nsga2,200,sweep,3,200,200,5.450468167022336,STU_0242,cost_sensitive,25.077627426017138,25.40422629051822,0.9871439161041098,union_observed_max_per_profile
nsga2_sweep,nsga2,200,sweep,4,200,200,5.556648541998584,STU_0242,cost_sensitive,25.104668647656386,25.40422629051822,0.9882083540181013,union_observed_max_per_profile
nsga2_sweep,nsga2,120,sweep,0,120,120,2.5610504160285927,STU_0598,cost_sensitive,6.4566658008568645,6.617202940109085,0.9757394263550312,union_observed_max_per_profile
nsga2_sweep,nsga2,120,sweep,1,120,120,4.248813540965784,STU_0598,cost_sensitive,6.250745330829841,6.617202940109085,0.9446204668957604,union_observed_max_per_profile
nsga2_sweep,nsga2,120,sweep,2,120,120,3.617058874981012,STU_0598,cost_sensitive,6.385135442530355,6.617202940109085,0.964929668973564,union_observed_max_per_profile
nsga2_sweep,nsga2,120,sweep,3,120,120,3.5258112919982523,STU_0598,cost_sensitive,6.195022562711705,6.617202940109085,0.9361995723542944,union_observed_max_per_profile
nsga2_sweep,nsga2,120,sweep,4,120,120,2.8340784579631872,STU_0598,cost_sensitive,6.301055667521181,6.617202940109085,0.9522234280179578,union_observed_max_per_profile
nsga2_sweep,nsga2,140,sweep,0,140,140,3.504438542004209,STU_0598,cost_sensitive,6.4034056736628635,6.617202940109085,0.9676906891958348,union_observed_max_per_profile
nsga2_sweep,nsga2,140,sweep,1,140,140,3.4049190420191735,STU_0598,cost_sensitive,6.271371920312537,6.617202940109085,0.9477375829445476,union_observed_max_per_profile
nsga2_sweep,nsga2,140,sweep,2,140,140,3.0583971249870956,STU_0598,cost_sensitive,6.36658492800199,6.617202940109085,0.9621262919733028,union_observed_max_per_profile
nsga2_sweep,nsga2,140,sweep,3,140,140,2.950592041015625,STU_0598,cost_sensitive,6.387288820064447,6.617202940109085,0.9652550900848076,union_observed_max_per_profile
nsga2_sweep,nsga2,140,sweep,4,140,140,3.6525785410194658,STU_0598,cost_sensitive,6.348473288848966,6.617202940109085,0.9593892383696958,union_observed_max_per_profile
nsga2_sweep,nsga2,150,sweep,0,150,150,3.372144917026162,STU_0598,cost_sensitive,6.3839408723838185,6.617202940109085,0.9647491440361626,union_observed_max_per_profile
nsga2_sweep,nsga2,150,sweep,1,150,150,3.4403515000012703,STU_0598,cost_sensitive,6.344055676796167,6.617202940109085,0.9587216433007848,union_observed_max_per_profile
nsga2_sweep,nsga2,150,sweep,2,150,150,3.273596415994689,STU_0598,cost_sensitive,6.344194071376534,6.617202940109085,0.9587425576631854,union_observed_max_per_profile
nsga2_sweep,nsga2,150,sweep,3,150,150,3.480412292003166,STU_0598,cost_sensitive,6.350434276373725,6.617202940109085,0.959685585261654,union_observed_max_per_profile
nsga2_sweep,nsga2,150,sweep,4,150,150,3.465444875007961,STU_0598,cost_sensitive,6.458562321193801,6.617202940109085,0.9760260308847852,union_observed_max_per_profile
nsga2_sweep,nsga2,160,sweep,0,160,160,3.922330792003777,STU_0598,cost_sensitive,6.393770809238895,6.617202940109085,0.9662346564111112,union_observed_max_per_profile
nsga2_sweep,nsga2,160,sweep,1,160,160,4.115054957976099,STU_0598,cost_sensitive,6.4070582656116075,6.617202940109085,0.9682426734680116,union_observed_max_per_profile
nsga2_sweep,nsga2,160,sweep,2,160,160,4.61201062501641,STU_0598,cost_sensitive,6.399083656886422,6.617202940109085,0.9670375406048728,union_observed_max_per_profile
nsga2_sweep,nsga2,160,sweep,3,160,160,4.188723542029038,STU_0598,cost_sensitive,6.462401320066562,6.617202940109085,0.9766061852048972,union_observed_max_per_profile
nsga2_sweep,nsga2,160,sweep,4,160,160,3.865102707990445,STU_0598,cost_sensitive,6.482758893690491,6.617202940109085,0.9796826472400167,union_observed_max_per_profile
nsga2_sweep,nsga2,168,sweep,0,168,168,4.783975375001319,STU_0598,cost_sensitive,6.393488533030889,6.617202940109085,0.9661919984768508,union_observed_max_per_profile
nsga2_sweep,nsga2,168,sweep,1,168,168,4.251403041998856,STU_0598,cost_sensitive,6.478649706915604,6.617202940109085,0.9790616617855766,union_observed_max_per_profile
nsga2_sweep,nsga2,168,sweep,2,168,168,4.882246749999467,STU_0598,cost_sensitive,6.372997884891958,6.617202940109085,0.9630954260542748,union_observed_max_per_profile
nsga2_sweep,nsga2,168,sweep,3,168,168,4.5873297499492764,STU_0598,cost_sensitive,6.264637018566501,6.617202940109085,0.9467197961535132,union_observed_max_per_profile
nsga2_sweep,nsga2,168,sweep,4,168,168,4.7300428340095095,STU_0598,cost_sensitive,6.453136070979817,6.617202940109085,0.9752060091530814,union_observed_max_per_profile
nsga2_sweep,nsga2,170,sweep,0,170,170,4.258767833001912,STU_0598,cost_sensitive,6.308467331464182,6.617202940109085,0.9533434879602146,union_observed_max_per_profile
nsga2_sweep,nsga2,170,sweep,1,170,170,4.055183292017318,STU_0598,cost_sensitive,6.511834250079473,6.617202940109085,0.9840765515304152,union_observed_max_per_profile
nsga2_sweep,nsga2,170,sweep,2,170,170,4.302705875015818,STU_0598,cost_sensitive,6.263763963434702,6.617202940109085,0.9465878589680132,union_observed_max_per_profile
nsga2_sweep,nsga2,170,sweep,3,170,170,4.153047833009623,STU_0598,cost_sensitive,6.385382854522703,6.617202940109085,0.9649670581838676,union_observed_max_per_profile
nsga2_sweep,nsga2,170,sweep,4,170,170,4.922282124985941,STU_0598,cost_sensitive,6.48993787113572,6.617202940109085,0.9807675433071626,union_observed_max_per_profile
nsga2_sweep,nsga2,180,sweep,0,180,180,5.108764750009868,STU_0598,cost_sensitive,6.257059488255019,6.617202940109085,0.9455746702778124,union_observed_max_per_profile
nsga2_sweep,nsga2,180,sweep,1,180,180,5.446929999976419,STU_0598,cost_sensitive,6.234571120154144,6.617202940109085,0.9421761999113432,union_observed_max_per_profile
nsga2_sweep,nsga2,180,sweep,2,180,180,5.094069499988109,STU_0598,cost_sensitive,6.375322942477063,6.617202940109085,0.9634467916699508,union_observed_max_per_profile
nsga2_sweep,nsga2,180,sweep,3,180,180,4.961841041978914,STU_0598,cost_sensitive,6.416246674781746,6.617202940109085,0.9696312373753456,union_observed_max_per_profile
nsga2_sweep,nsga2,180,sweep,4,180,180,4.948879791016225,STU_0598,cost_sensitive,6.489908528729505,6.617202940109085,0.980763109045968,union_observed_max_per_profile
nsga2_sweep,nsga2,200,sweep,0,200,200,6.5215605000266805,STU_0598,cost_sensitive,6.424323862175711,6.617202940109085,0.9708518720554468,union_observed_max_per_profile
nsga2_sweep,nsga2,200,sweep,1,200,200,6.046943958033808,STU_0598,cost_sensitive,6.31706002540475,6.617202940109085,0.9546420266355944,union_observed_max_per_profile
nsga2_sweep,nsga2,200,sweep,2,200,200,5.645276999974158,STU_0598,cost_sensitive,6.402721213152238,6.617202940109085,0.9675872526658053,union_observed_max_per_profile
nsga2_sweep,nsga2,200,sweep,3,200,200,7.338513542024884,STU_0598,cost_sensitive,6.420813374381188,6.617202940109085,0.9703213627411192,union_observed_max_per_profile
nsga2_sweep,nsga2,200,sweep,4,200,200,6.145915250002872,STU_0598,cost_sensitive,6.5349754274975735,6.617202940109085,0.9875736752589068,union_observed_max_per_profile
