profile_id,archetype,trip_distance_bin,distance_km,age,budget_eur,rain,temperature_c,mobility_restriction,seed_offset,campus,student_status
STU_0001,comfort_seeking,medium,2.65,20,3.0,1,5.821757746821364,0,0,Nancy,Alternance
STU_0002,eco_conscious,long,5.16,22,6.35,0,13.230568504613341,0,1,Strasbourg,Student
STU_0003,eco_conscious,short,1.67,43,3.87,1,23.02415085879442,0,2,Strasbourg,Alternance
STU_0004,comfort_seeking,long,5.55,25,1.0,0,-4.245902762975383,1,3,Strasbourg,Student
STU_0005,eco_conscious,medium,3.48,19,5.12,0,2.026890480773389,0,4,Strasbourg,Alternance
STU_0006,cost_sensitive,long,9.18,23,8.58,1,6.616908464837859,0,5,Strasbourg,Alternance
STU_0007,time_sensitive,long,6.27,30,5.56,1,25.68943093376263,0,6,Strasbourg,Student
STU_0008,comfort_seeking,long,8.01,22,9.74,1,16.26069586335437,0,7,Strasbourg,Student
STU_0009,time_sensitive,medium,2.71,19,6.44,0,20.138537923689814,0,8,Nancy,Alternance
STU_0010,cost_sensitive,long,7.78,34,9.35,0,4.878712646990156,0,9,Strasbourg,Student
STU_0011,eco_conscious,long,9.82,30,8.91,0,5.04371299783579,0,10,Other,Student
STU_0012,comfort_seeking,medium,4.12,19,3.07,1,17.582509733781684,0,11,Strasbourg,Student
STU_0013,cost_sensitive,medium,2.73,25,1.0,0,14.466194647483572,0,12,Other,Student
STU_0014,time_sensitive,medium,2.76,22,4.17,1,18.38991055091301,0,13,Nancy,Alternance
STU_0015,cost_sensitive,long,8.7,29,9.94,0,12.498632072572383,0,14,Strasbourg,Alternance
STU_0016,eco_conscious,long,20.3,24,18.57,0,16.225149811637017,0,15,Nancy,Student
STU_0017,cost_sensitive,medium,2.37,20,5.2,0,15.264952679240874,0,16,Strasbourg,Student
STU_0018,time_sensitive,medium,2.26,32,1.04,0,20.222139112679404,0,17,Nancy,Student
STU_0019,comfort_seeking,long,7.23,31,7.34,1,20.456066255555765,0,18,Strasbourg,Student
STU_0020,time_sensitive,medium,2.71,23,3.35,0,1.041024044865841,0,19,Strasbourg,Student
STU_0021,eco_conscious,long,7.65,27,7.8,1,-3.9781484427268445,0,20,Strasbourg,Student
STU_0022,time_sensitive,long,5.53,21,8.3,0,22.013963181212056,0,21,Other,Student
STU_0023,time_sensitive,medium,4.15,30,4.84,1,23.50180074609549,1,22,Strasbourg,Alternance
STU_0024,eco_conscious,long,5.45,24,5.6,1,5.8350158438933,0,23,Strasbourg,Student
STU_0025,cost_sensitive,long,5.26,20,4.28,1,-0.878683252365029,0,24,Strasbourg,Alternance
STU_0026,time_sensitive,medium,3.79,32,7.11,0,14.792278568057608,0,25,Nancy,Alternance
STU_0027,cost_sensitive,short,1.5,25,1.0,0,21.446705810804236,0,26,Strasbourg,Alternance
STU_0028,eco_conscious,medium,4.68,24,4.48,0,28.380756179474517,0,27,Strasbourg,Alternance
STU_0029,comfort_seeking,long,10.59,30,13.55,0,18.130380576811607,1,28,Strasbourg,Alternance
STU_0030,comfort_seeking,short,1.64,34,3.74,0,11.02626642731444,0,29,Strasbourg,Alternance
STU_0031,time_sensitive,medium,2.39,21,3.5,1,6.854955027321099,0,30,Strasbourg,Alternance
STU_0032,cost_sensitive,long,5.41,20,6.14,1,14.091610333365235,0,31,Other,Alternance
STU_0033,time_sensitive,medium,4.31,20,3.46,0,11.60588236891795,0,32,Strasbourg,Alternance
STU_0034,comfort_seeking,long,5.36,24,5.93,0,5.879456754169471,0,33,Strasbourg,Alternance
STU_0035,cost_sensitive,medium,2.8,21,3.25,0,30.390045206906294,0,34,Strasbourg,Student
STU_0036,comfort_seeking,long,8.32,22,8.9,0,28.281347216577046,0,35,Strasbourg,Student
STU_0037,time_sensitive,medium,4.33,48,2.47,0,23.088389468443427,0,36,Strasbourg,Student
STU_0038,comfort_seeking,long,6.34,23,7.61,0,6.633196817526979,0,37,Strasbourg,Alternance
STU_0039,comfort_seeking,long,5.08,20,7.65,0,20.84015459437823,0,38,Strasbourg,Alternance
STU_0040,comfort_seeking,medium,4.67,19,5.1,0,19.117011275983216,0,39,Nancy,Employee
STU_0041,time_sensitive,long,6.08,49,7.83,0,17.540364993632423,0,40,Strasbourg,Alternance
STU_0042,cost_sensitive,medium,4.7,22,6.05,1,23.997322136350217,0,41,Other,Student
STU_0043,time_sensitive,medium,2.1,21,2.19,1,19.08296914289022,0,42,Nancy,Student
STU_0044,time_sensitive,long,7.96,25,6.36,0,19.920113890434685,0,43,Strasbourg,Alternance
STU_0045,cost_sensitive,long,6.8,22,5.63,1,19.09525026697768,0,44,Nancy,Alternance
STU_0046,time_sensitive,short,1.23,21,3.07,1,16.726331264016846,0,45,Strasbourg,Employee
STU_0047,time_sensitive,medium,2.87,28,3.84,0,-0.2688890377134676,0,46,Strasbourg,Student
STU_0048,eco_conscious,long,7.76,43,10.39,0,14.668968619284458,0,47,Strasbourg,Alternance
STU_0049,eco_conscious,short,1.44,25,4.15,0,9.550464329207,0,48,Strasbourg,Alternance
STU_0050,cost_sensitive,long,7.32,19,9.14,0,3.761272338879836,0,49,Strasbourg,Alternance
STU_0051,comfort_seeking,medium,3.88,39,5.27,0,27.45453295440659,0,50,Strasbourg,Alternance
STU_0052,cost_sensitive,long,9.24,27,7.62,0,27.831962727085628,0,51,Strasbourg,Alternance
STU_0053,time_sensitive,medium,4.21,19,5.66,1,24.873764802364896,0,52,Strasbourg,Student
STU_0054,time_sensitive,medium,2.76,18,3.96,0,16.041707334846997,0,53,Nancy,Alternance
STU_0055,comfort_seeking,long,5.04,22,3.73,1,24.805000967621254,0,54,Strasbourg,Alternance
STU_0056,cost_sensitive,medium,4.14,21,7.2,1,14.096425444814605,0,55,Strasbourg,Alternance
STU_0057,time_sensitive,medium,2.62,35,5.71,0,15.622378215182234,0,56,Strasbourg,Alternance
STU_0058,eco_conscious,long,15.45,46,12.57,0,5.252229036304136,0,57,Strasbourg,Student
STU_0059,time_sensitive,medium,2.38,42,2.37,0,17.175930435990722,0,58,Strasbourg,Student
STU_0060,eco_conscious,short,1.13,24,1.47,0,14.483087427395336,0,59,Other,Employee
STU_0061,comfort_seeking,long,10.64,21,11.64,0,3.5787830653242843,0,60,Strasbourg,Alternance
STU_0062,comfort_seeking,medium,2.99,45,4.93,0,13.590423105467226,0,61,Strasbourg,Alternance
STU_0063,cost_sensitive,medium,3.54,32,4.59,0,13.362163489145532,0,62,Nancy,Student
STU_0064,cost_sensitive,medium,3.41,22,4.89,1,28.380489333157122,0,63,Nancy,Alternance
STU_0065,time_sensitive,medium,3.02,42,1.75,0,21.153706628107276,1,64,Strasbourg,Alternance
STU_0066,time_sensitive,medium,2.69,33,4.47,0,14.091563512731728,0,65,Strasbourg,Employee
STU_0067,cost_sensitive,medium,2.35,18,3.32,0,15.990298478408665,0,66,Strasbourg,Student
STU_0068,cost_sensitive,medium,4.37,19,3.99,0,14.353699024833585,0,67,Strasbourg,Alternance
STU_0069,comfort_seeking,medium,3.33,22,1.57,0,12.376688121635619,0,68,Strasbourg,Alternance
STU_0070,comfort_seeking,long,6.46,19,7.04,0,5.340582420893705,0,69,Strasbourg,Student
STU_0071,cost_sensitive,long,5.59,25,6.89,0,12.791584979144567,0,70,Other,Alternance
STU_0072,time_sensitive,medium,2.45,29,1.0,0,8.031213946779893,0,71,Nancy,Alternance
STU_0073,time_sensitive,medium,4.49,21,5.35,1,3.997475688614829,0,72,Strasbourg,Employee
STU_0074,cost_sensitive,medium,3.3,21,4.53,0,18.089774516380277,0,73,Strasbourg,Student
STU_0075,eco_conscious,medium,2.36,23,2.51,0,17.13011727946588,0,74,Strasbourg,Student
STU_0076,eco_conscious,long,6.31,24,7.55,0,-0.2936600909446234,0,75,Strasbourg,Student
STU_0077,comfort_seeking,medium,3.92,36,4.59,0,13.018522900038983,0,76,Strasbourg,Student
STU_0078,eco_conscious,medium,3.32,21,4.83,0,21.965611087199388,0,77,Nancy,Student
STU_0079,time_sensitive,medium,2.55,25,4.63,0,22.473789911170567,0,78,Strasbourg,Alternance
STU_0080,eco_conscious,medium,2.31,35,4.43,1,22.20669474308191,0,79,Strasbourg,Student
STU_0081,cost_sensitive,long,13.5,24,14.81,0,14.311305655211678,0,80,Nancy,Employee
STU_0082,eco_conscious,long,5.12,20,6.46,0,7.239637376246791,0,81,Strasbourg,Employee
STU_0083,time_sensitive,medium,2.22,22,2.53,1,5.3304093811355155,0,82,Strasbourg,Alternance
STU_0084,cost_sensitive,medium,4.99,24,4.58,0,16.75683923800286,0,83,Strasbourg,Employee
STU_0085,cost_sensitive,long,7.85,23,6.26,0,17.034240274921302,0,84,Strasbourg,Alternance
STU_0086,time_sensitive,medium,4.65,23,5.72,0,24.298648892840525,0,85,Other,Alternance
STU_0087,comfort_seeking,long,9.42,22,11.89,1,22.79983720273667,0,86,Strasbourg,Student
STU_0088,time_sensitive,short,1.71,44,2.31,0,12.942170747750623,0,87,Strasbourg,Student
STU_0089,time_sensitive,short,1.31,19,3.42,0,4.046352969113045,1,88,Strasbourg,Alternance
STU_0090,time_sensitive,medium,4.91,18,4.32,0,11.447147223912818,0,89,Other,Alternance
STU_0091,eco_conscious,medium,4.95,24,6.06,0,15.737849558484196,0,90,Strasbourg,Student
STU_0092,cost_sensitive,short,0.6,19,4.28,0,12.383334036884767,0,91,Strasbourg,Alternance
STU_0093,comfort_seeking,medium,2.92,25,5.22,0,9.376847135378753,0,92,Strasbourg,Alternance
STU_0094,comfort_seeking,medium,2.33,19,1.0,0,16.023078519759192,0,93,Strasbourg,Student
STU_0095,eco_conscious,short,1.86,45,4.11,0,9.968338068715116,1,94,Strasbourg,Employee
STU_0096,eco_conscious,medium,2.33,25,4.59,0,8.975471330197008,0,95,Strasbourg,Alternance
STU_0097,cost_sensitive,long,5.97,25,6.89,0,16.491622674427518,0,96,Strasbourg,Student
STU_0098,time_sensitive,medium,2.32,25,4.67,0,10.784059358966362,0,97,Strasbourg,Alternance
STU_0099,comfort_seeking,medium,2.37,52,2.01,0,15.952835111826817,0,98,Nancy,Student
STU_0100,cost_sensitive,short,1.63,19,3.0,1,16.18563218281698,0,99,Strasbourg,Alternance
STU_0101,time_sensitive,long,8.86,20,11.03,1,4.884567991267403,0,100,Strasbourg,Student
STU_0102,eco_conscious,long,5.43,22,7.95,0,10.150071009076703,0,101,Strasbourg,Student
STU_0103,time_sensitive,short,0.98,29,3.32,0,25.5022155193317,0,102,Other,Employee
STU_0104,comfort_seeking,medium,2.37,19,1.93,1,4.703363898125703,1,103,Strasbourg,Alternance
STU_0105,cost_sensitive,long,5.74,33,4.51,1,-2.933235591764248,0,104,Nancy,Student
STU_0106,eco_conscious,long,8.92,20,9.29,1,-0.8947612259400923,0,105,Nancy,Student
STU_0107,time_sensitive,long,6.89,21,7.68,0,14.232879572613353,0,106,Strasbourg,Alternance
STU_0108,eco_conscious,medium,3.42,21,4.23,0,14.247338224261592,0,107,Other,Student
STU_0109,time_sensitive,short,1.36,24,1.21,0,13.059113156599032,0,108,Strasbourg,Student
STU_0110,time_sensitive,long,7.01,19,8.25,1,23.713518631428013,0,109,Strasbourg,Student
STU_0111,comfort_seeking,medium,3.54,18,4.71,0,-7.382675464823503,0,110,Nancy,Student
STU_0112,time_sensitive,medium,4.38,27,5.74,0,17.16747099544659,0,111,Strasbourg,Alternance
STU_0113,time_sensitive,medium,3.8,20,5.8,0,26.491505614428586,0,112,Strasbourg,Alternance
STU_0114,time_sensitive,short,1.9,21,2.62,0,4.977753880866288,0,113,Strasbourg,Student
STU_0115,eco_conscious,long,5.21,19,5.05,0,10.961547905680838,0,114,Strasbourg,Alternance
STU_0116,time_sensitive,medium,4.81,18,7.58,1,7.976864662171033,0,115,Nancy,Student
STU_0117,comfort_seeking,medium,3.28,24,2.92,1,6.84523163137977,0,116,Strasbourg,Employee
STU_0118,time_sensitive,long,5.55,19,5.37,1,11.38990395981568,0,117,Strasbourg,Employee
STU_0119,time_sensitive,short,1.88,22,5.32,0,25.419882269476037,0,118,Strasbourg,Student
STU_0120,comfort_seeking,medium,3.6,26,3.58,0,28.699093403900164,0,119,Strasbourg,Alternance
STU_0121,comfort_seeking,medium,4.28,38,4.96,0,11.312486199678819,0,120,Nancy,Alternance
STU_0122,comfort_seeking,short,1.52,21,2.05,0,29.24048171251576,0,121,Strasbourg,Student
STU_0123,comfort_seeking,medium,4.07,19,1.75,0,14.284611815877,0,122,Other,Student
STU_0124,time_sensitive,long,6.47,18,6.78,0,28.02952821360865,0,123,Strasbourg,Student
STU_0125,cost_sensitive,medium,3.53,24,2.68,0,13.253610802772066,1,124,Strasbourg,Alternance
STU_0126,cost_sensitive,medium,4.13,22,5.47,0,15.048462608369155,0,125,Strasbourg,Employee
STU_0127,eco_conscious,long,5.85,18,8.46,0,16.923795781142676,0,126,Strasbourg,Alternance
STU_0128,comfort_seeking,medium,3.36,31,1.0,0,39.43082943494028,0,127,Strasbourg,Alternance
STU_0129,cost_sensitive,medium,3.54,25,3.78,0,20.81028459875831,0,128,Strasbourg,Alternance
STU_0130,cost_sensitive,medium,2.11,22,4.11,0,8.341883760388292,0,129,Strasbourg,Alternance
STU_0131,cost_sensitive,medium,4.17,24,1.11,0,21.751982962206863,0,130,Other,Alternance
STU_0132,comfort_seeking,medium,3.46,20,6.85,1,11.105339703325267,0,131,Strasbourg,Student
STU_0133,time_sensitive,long,5.64,21,6.98,0,10.081998536790326,0,132,Strasbourg,Alternance
STU_0134,time_sensitive,long,5.86,24,8.43,0,21.26881087913689,0,133,Strasbourg,Alternance
STU_0135,time_sensitive,long,6.7,25,6.18,0,14.248684702169223,0,134,Strasbourg,Student
STU_0136,comfort_seeking,medium,3.13,35,3.36,0,16.228607316094447,0,135,Strasbourg,Alternance
STU_0137,eco_conscious,short,1.18,18,2.21,1,14.11188177492234,0,136,Nancy,Student
STU_0138,eco_conscious,long,6.5,23,10.87,0,16.692665012843477,0,137,Other,Student
STU_0139,cost_sensitive,long,5.42,22,8.48,1,17.399727179489194,0,138,Strasbourg,Alternance
STU_0140,time_sensitive,medium,2.9,22,4.2,0,-1.4957354616433225,0,139,Strasbourg,Student
STU_0141,eco_conscious,long,5.83,18,6.91,0,19.332581348876268,0,140,Strasbourg,Student
STU_0142,comfort_seeking,short,1.8,34,4.17,0,6.143844641357595,0,141,Strasbourg,Student
STU_0143,cost_sensitive,long,7.7,27,12.35,1,2.46160691552471,0,142,Strasbourg,Alternance
STU_0144,cost_sensitive,medium,3.46,28,5.13,0,13.532710049130541,0,143,Strasbourg,Student
STU_0145,cost_sensitive,medium,2.59,24,3.78,0,14.671848026515635,0,144,Strasbourg,Alternance
STU_0146,time_sensitive,medium,2.93,22,3.38,0,8.451950683421753,0,145,Strasbourg,Student
STU_0147,comfort_seeking,medium,3.68,19,5.05,0,20.648254861343794,0,146,Nancy,Employee
STU_0148,cost_sensitive,medium,4.18,20,4.0,0,3.2625986690327444,0,147,Strasbourg,Employee
STU_0149,time_sensitive,medium,4.33,35,6.07,0,10.744450009819529,0,148,Strasbourg,Student
STU_0150,time_sensitive,medium,3.27,23,1.7,0,9.321006920535995,0,149,Strasbourg,Student
STU_0151,cost_sensitive,medium,4.74,22,5.06,1,13.627301837285286,0,150,Strasbourg,Student
STU_0152,time_sensitive,medium,4.23,24,6.42,1,16.23091427717791,0,151,Nancy,Alternance
STU_0153,cost_sensitive,medium,2.88,18,4.61,0,5.936856403011642,0,152,Nancy,Student
STU_0154,time_sensitive,medium,2.64,18,2.91,0,19.794261419649825,0,153,Nancy,Student
STU_0155,eco_conscious,long,6.01,20,6.19,0,14.504018946677597,0,154,Strasbourg,Student
STU_0156,time_sensitive,long,5.73,24,8.23,0,-1.1355700264952837,0,155,Strasbourg,Student
STU_0157,cost_sensitive,medium,4.35,33,3.02,0,-1.6687315231762483,0,156,Strasbourg,Student
STU_0158,comfort_seeking,long,7.24,28,5.49,0,13.90144565656551,0,157,Nancy,Alternance
STU_0159,eco_conscious,short,1.33,21,1.0,1,12.232261457709168,0,158,Strasbourg,Employee
STU_0160,eco_conscious,medium,3.03,19,4.06,1,13.172639091402932,0,159,Other,Student
STU_0161,cost_sensitive,medium,2.14,23,1.0,0,13.776140347758256,0,160,Other,Alternance
STU_0162,cost_sensitive,long,15.8,19,16.65,1,15.804478716081446,0,161,Strasbourg,Student
STU_0163,cost_sensitive,long,6.4,25,5.28,0,21.581196878786397,0,162,Strasbourg,Alternance
STU_0164,cost_sensitive,medium,4.02,24,5.32,0,5.111160792659534,0,163,Strasbourg,Alternance
STU_0165,time_sensitive,long,6.67,22,6.13,0,4.624227256793642,0,164,Nancy,Alternance
STU_0166,comfort_seeking,long,8.1,23,8.27,0,5.25340913690094,0,165,Strasbourg,Employee
STU_0167,time_sensitive,long,8.05,21,5.46,1,16.311333337349655,0,166,Nancy,Student
STU_0168,time_sensitive,long,7.23,25,9.45,1,23.959579029171564,0,167,Strasbourg,Alternance
STU_0169,eco_conscious,medium,3.61,40,2.84,0,10.549284494083917,0,168,Strasbourg,Alternance
STU_0170,cost_sensitive,medium,3.14,26,2.25,1,-6.013598753277236,0,169,Nancy,Student
STU_0171,eco_conscious,medium,2.4,21,7.82,0,0.3680570991169958,0,170,Strasbourg,Employee
STU_0172,eco_conscious,long,5.65,28,7.3,0,7.335706217631907,0,171,Strasbourg,Student
STU_0173,eco_conscious,medium,3.84,18,6.5,0,9.538168900038283,0,172,Strasbourg,Alternance
STU_0174,comfort_seeking,medium,3.3,33,5.13,1,10.73289098196219,0,173,Strasbourg,Student
STU_0175,time_sensitive,medium,3.2,26,3.41,0,14.308648983847336,0,174,Nancy,Student
STU_0176,time_sensitive,long,9.85,20,7.52,0,11.506029353420423,0,175,Strasbourg,Alternance
STU_0177,comfort_seeking,long,7.36,23,7.22,0,22.394716884347257,0,176,Other,Alternance
STU_0178,eco_conscious,long,12.31,18,10.2,1,8.59186155454905,0,177,Nancy,Student
STU_0179,time_sensitive,long,5.74,24,4.73,1,7.101456324195656,0,178,Strasbourg,Student
STU_0180,comfort_seeking,medium,4.35,21,2.35,1,17.831004308163692,0,179,Strasbourg,Alternance
STU_0181,cost_sensitive,medium,4.15,22,5.23,1,1.7148634405910457,0,180,Strasbourg,Student
STU_0182,comfort_seeking,medium,2.32,18,6.3,1,17.11753364256002,0,181,Strasbourg,Student
STU_0183,cost_sensitive,medium,2.01,27,4.21,0,14.820425469810134,0,182,Other,Alternance
STU_0184,eco_conscious,long,5.67,40,6.13,0,12.82046008065466,1,183,Strasbourg,Alternance
STU_0185,comfort_seeking,medium,2.44,21,3.5,1,26.7062088571941,0,184,Strasbourg,Student
STU_0186,cost_sensitive,medium,4.77,20,1.0,0,9.022340437642256,0,185,Strasbourg,Alternance
STU_0187,time_sensitive,long,8.1,25,7.62,0,30.482385364192627,0,186,Strasbourg,Alternance
STU_0188,time_sensitive,medium,2.85,22,1.35,0,12.196548406175205,0,187,Strasbourg,Alternance
STU_0189,comfort_seeking,long,13.68,43,13.37,1,3.783868440238175,1,188,Nancy,Alternance
STU_0190,comfort_seeking,medium,2.36,23,3.04,0,14.559356647958602,1,189,Strasbourg,Student
STU_0191,eco_conscious,long,7.52,25,6.33,1,5.390038397449855,0,190,Strasbourg,Student
STU_0192,eco_conscious,long,5.4,19,6.29,0,7.985953217491998,0,191,Strasbourg,Student
STU_0193,comfort_seeking,long,8.48,20,8.89,0,17.17626640012393,0,192,Strasbourg,Alternance
STU_0194,time_sensitive,medium,2.19,23,6.1,1,18.444656709201,0,193,Strasbourg,Student
STU_0195,time_sensitive,long,16.27,35,16.57,0,9.022658397965934,0,194,Strasbourg,Alternance
STU_0196,eco_conscious,medium,3.79,20,5.11,0,21.899241160371204,0,195,Strasbourg,Student
STU_0197,time_sensitive,long,6.26,23,5.12,0,23.26006206416907,0,196,Strasbourg,Student
STU_0198,cost_sensitive,long,9.82,23,7.91,1,25.490414052506328,0,197,Strasbourg,Alternance
STU_0199,cost_sensitive,medium,2.96,37,5.09,0,18.23530725700578,1,198,Strasbourg,Student
STU_0200,cost_sensitive,long,6.83,32,6.95,0,24.90742969668559,0,199,Other,Student
STU_0201,comfort_seeking,medium,2.68,21,4.23,1,-1.0463874237924617,0,200,Other,Alternance
STU_0202,time_sensitive,long,9.55,19,11.38,1,11.4567476109723,0,201,Strasbourg,Student
STU_0203,eco_conscious,medium,2.7,23,1.07,0,7.06395794941259,0,202,Nancy,Alternance
STU_0204,time_sensitive,medium,4.31,18,7.68,0,14.953806889019138,0,203,Nancy,Alternance
STU_0205,time_sensitive,long,5.04,38,7.53,0,9.428406246426102,1,204,Strasbourg,Student
STU_0206,time_sensitive,long,6.67,19,3.47,0,12.670737264402142,0,205,Strasbourg,Alternance
STU_0207,eco_conscious,long,13.35,24,17.08,0,29.057399041632394,0,206,Nancy,Student
STU_0208,eco_conscious,medium,3.23,23,4.82,0,12.642241628636974,0,207,Strasbourg,Student
STU_0209,comfort_seeking,long,8.21,21,7.62,0,17.310338537521712,0,208,Strasbourg,Student
STU_0210,eco_conscious,long,13.36,25,13.79,0,12.14184536060612,0,209,Nancy,Student
STU_0211,eco_conscious,medium,4.64,31,3.68,0,14.605706303654669,0,210,Strasbourg,Employee
STU_0212,eco_conscious,medium,3.05,21,5.08,0,14.048133443488572,0,211,Strasbourg,Student
STU_0213,comfort_seeking,short,1.53,19,1.37,0,17.586592527785275,0,212,Other,Alternance
STU_0214,eco_conscious,long,12.7,21,15.93,1,23.322460284377414,0,213,Strasbourg,Alternance
STU_0215,cost_sensitive,medium,3.65,22,4.71,1,27.179151980826635,0,214,Strasbourg,Alternance
STU_0216,time_sensitive,medium,2.34,22,4.66,1,16.476960655273334,0,215,Strasbourg,Student
STU_0217,eco_conscious,short,1.9,22,1.7,0,18.716375088284817,0,216,Strasbourg,Student
STU_0218,eco_conscious,medium,2.34,34,4.96,0,4.7930839265154646,0,217,Nancy,Alternance
STU_0219,cost_sensitive,long,7.22,24,7.61,1,13.296986060675035,0,218,Strasbourg,Student
STU_0220,comfort_seeking,long,7.83,25,5.61,0,21.52231571906871,0,219,Strasbourg,Student
STU_0221,comfort_seeking,long,6.17,19,6.31,0,20.927749107337227,0,220,Strasbourg,Student
STU_0222,cost_sensitive,medium,4.55,23,8.84,0,15.692877862360401,0,221,Strasbourg,Student
STU_0223,comfort_seeking,medium,2.03,51,4.77,0,21.091151676543618,0,222,Strasbourg,Alternance
STU_0224,cost_sensitive,medium,2.75,26,3.16,1,17.926133671950552,0,223,Nancy,Student
STU_0225,cost_sensitive,medium,2.2,25,1.0,0,23.602450066074574,0,224,Strasbourg,Student
STU_0226,cost_sensitive,long,5.89,21,5.01,1,16.314873255656888,0,225,Strasbourg,Student
STU_0227,cost_sensitive,medium,2.26,25,1.0,0,11.154413475431722,0,226,Strasbourg,Alternance
STU_0228,comfort_seeking,medium,2.77,21,1.0,0,16.68673005546419,0,227,Nancy,Alternance
STU_0229,cost_sensitive,medium,3.78,20,6.13,0,-9.444755006822206,0,228,Nancy,Student
STU_0230,cost_sensitive,short,1.58,25,2.96,0,17.063085891080394,0,229,Other,Alternance
STU_0231,cost_sensitive,medium,4.33,23,8.41,0,-15.187302601718269,0,230,Nancy,Alternance
STU_0232,time_sensitive,medium,3.96,22,3.07,0,0.21229274075665572,0,231,Nancy,Alternance
STU_0233,cost_sensitive,long,8.43,32,8.66,1,17.614148807527872,0,232,Strasbourg,Alternance
STU_0234,eco_conscious,medium,2.6,21,1.2,0,17.820234698134364,0,233,Strasbourg,Student
STU_0235,cost_sensitive,short,1.97,20,2.1,1,4.700569758880556,0,234,Strasbourg,Student
STU_0236,comfort_seeking,medium,3.38,33,3.97,1,8.30318366496849,1,235,Nancy,Student
STU_0237,comfort_seeking,medium,2.21,23,2.7,0,24.964327908913056,0,236,Nancy,Student
STU_0238,cost_sensitive,medium,4.31,22,5.26,1,10.127758947418592,0,237,Strasbourg,Employee
STU_0239,comfort_seeking,short,1.42,21,4.46,0,31.94336249922388,0,238,Nancy,Student
STU_0240,cost_sensitive,medium,2.95,25,5.57,0,13.98464117458923,0,239,Strasbourg,Student
STU_0241,cost_sensitive,medium,2.44,33,2.19,1,17.264289415050136,0,240,Strasbourg,Alternance
STU_0242,cost_sensitive,long,5.87,26,6.43,1,26.93499518798886,0,241,Strasbourg,Alternance
STU_0243,time_sensitive,medium,2.62,18,5.16,0,15.048216929547356,0,242,Strasbourg,Student
STU_0244,time_sensitive,short,1.52,23,4.66,0,5.98124815447359,0,243,Strasbourg,Student
STU_0245,eco_conscious,medium,3.74,22,3.49,0,13.12218038644568,0,244,Strasbourg,Student
STU_0246,time_sensitive,long,5.08,21,7.09,1,13.715114110479272,0,245,Strasbourg,Alternance
STU_0247,eco_conscious,medium,3.59,23,5.15,0,3.0820667823874768,0,246,Strasbourg,Student
STU_0248,cost_sensitive,medium,2.94,53,2.08,0,11.953343429273414,0,247,Nancy,Student
STU_0249,eco_conscious,medium,2.84,25,5.35,0,8.062463248020507,0,248,Nancy,Student
STU_0250,time_sensitive,medium,4.5,42,5.6,0,21.394862057499473,0,249,Nancy,Student
STU_0251,cost_sensitive,medium,2.5,25,1.0,0,14.276894993482045,0,250,Strasbourg,Alternance
STU_0252,cost_sensitive,medium,3.47,18,3.92,1,11.73763400681944,0,251,Strasbourg,Student
STU_0253,cost_sensitive,long,6.54,22,7.13,0,13.15054455501939,0,252,Strasbourg,Student
STU_0254,eco_conscious,short,1.96,31,2.08,0,15.78497614724933,0,253,Strasbourg,Employee
STU_0255,comfort_seeking,medium,4.1,29,7.2,0,18.93451359751824,0,254,Strasbourg,Alternance
STU_0256,cost_sensitive,short,1.48,27,5.03,1,6.002302170644949,0,255,Strasbourg,Student
STU_0257,eco_conscious,medium,4.81,22,4.9,1,5.667298939029825,0,256,Strasbourg,Alternance
STU_0258,eco_conscious,medium,2.37,23,2.63,0,22.83743372322024,0,257,Strasbourg,Alternance
STU_0259,comfort_seeking,long,7.65,29,7.77,0,10.701305022362156,0,258,Strasbourg,Alternance
STU_0260,cost_sensitive,short,1.77,18,2.64,0,2.665263259225007,0,259,Strasbourg,Student
STU_0261,time_sensitive,long,5.46,24,5.07,0,17.550501675064837,0,260,Strasbourg,Employee
STU_0262,comfort_seeking,long,8.61,19,2.14,1,17.706958448261496,0,261,Strasbourg,Student
STU_0263,comfort_seeking,medium,2.3,48,6.61,0,1.7542779419463486,0,262,Strasbourg,Student
STU_0264,time_sensitive,medium,2.54,37,3.66,0,15.835853723708851,0,263,Strasbourg,Student
STU_0265,cost_sensitive,medium,2.42,18,3.24,1,19.884664739426988,0,264,Strasbourg,Student
STU_0266,time_sensitive,medium,3.17,30,4.78,0,16.995091613650104,0,265,Strasbourg,Alternance
STU_0267,eco_conscious,long,5.7,37,6.2,0,19.05585187009116,1,266,Strasbourg,Student
STU_0268,eco_conscious,medium,3.02,20,3.29,0,2.7658472152740075,0,267,Strasbourg,Student
STU_0269,cost_sensitive,medium,2.18,18,1.54,0,16.648321239969565,0,268,Strasbourg,Alternance
STU_0270,eco_conscious,short,1.29,44,1.0,0,11.579041924236428,1,269,Strasbourg,Student
STU_0271,time_sensitive,long,10.77,18,8.22,0,10.137678730202841,0,270,Nancy,Student
STU_0272,time_sensitive,long,11.27,20,9.07,0,20.964444875357813,0,271,Strasbourg,Student
STU_0273,eco_conscious,long,5.85,20,7.64,0,25.83419608539384,0,272,Strasbourg,Student
STU_0274,comfort_seeking,medium,2.62,55,5.03,0,28.35496043680287,1,273,Strasbourg,Student
STU_0275,time_sensitive,long,6.53,39,5.46,0,24.51846297204724,0,274,Strasbourg,Alternance
STU_0276,comfort_seeking,long,7.34,53,2.94,0,13.12212654695853,0,275,Strasbourg,Student
STU_0277,cost_sensitive,medium,3.63,24,4.6,0,16.821761304210746,0,276,Strasbourg,Student
STU_0278,cost_sensitive,medium,4.31,31,4.4,0,20.13458297427395,0,277,Nancy,Alternance
STU_0279,time_sensitive,long,8.67,28,8.07,1,14.969423594395696,0,278,Strasbourg,Alternance
STU_0280,cost_sensitive,short,1.61,23,4.59,1,15.046113503292355,0,279,Strasbourg,Student
STU_0281,cost_sensitive,long,7.56,31,8.18,0,20.590025055009455,0,280,Strasbourg,Alternance
STU_0282,cost_sensitive,medium,3.51,21,2.73,0,13.525738831792543,0,281,Nancy,Student
STU_0283,comfort_seeking,medium,2.19,22,1.19,0,8.165704509010709,0,282,Strasbourg,Student
STU_0284,cost_sensitive,medium,2.3,21,2.98,0,10.684215473313131,0,283,Other,Student
STU_0285,eco_conscious,medium,2.54,19,2.03,0,19.071283021869938,0,284,Strasbourg,Student
STU_0286,cost_sensitive,medium,2.07,21,3.13,0,14.023946329599646,0,285,Other,Alternance
STU_0287,comfort_seeking,long,11.89,24,13.45,0,16.721679814946704,0,286,Other,Student
STU_0288,eco_conscious,long,5.62,18,3.79,0,19.360633937617518,0,287,Strasbourg,Alternance
STU_0289,cost_sensitive,long,7.86,35,8.34,0,11.001268296819124,0,288,Strasbourg,Student
STU_0290,eco_conscious,long,5.85,23,8.12,0,20.049985309038448,0,289,Strasbourg,Alternance
STU_0291,time_sensitive,medium,4.37,19,5.06,1,17.030740827667156,0,290,Strasbourg,Alternance
STU_0292,eco_conscious,medium,4.4,22,6.54,0,4.121495304708171,0,291,Strasbourg,Alternance
STU_0293,eco_conscious,medium,3.34,28,3.82,1,25.538438329489956,0,292,Strasbourg,Student
STU_0294,eco_conscious,medium,3.5,23,4.78,0,9.994042049944671,0,293,Strasbourg,Alternance
STU_0295,eco_conscious,short,1.85,25,3.87,1,0.7592372545185295,0,294,Strasbourg,Student
STU_0296,time_sensitive,long,7.94,35,7.22,1,5.639650323309581,0,295,Nancy,Alternance
STU_0297,cost_sensitive,short,1.46,23,6.32,1,5.831638714573424,0,296,Strasbourg,Alternance
STU_0298,comfort_seeking,medium,2.26,23,4.46,1,14.417386549260268,1,297,Strasbourg,Alternance
STU_0299,time_sensitive,long,13.69,23,15.48,1,11.809195955630102,0,298,Strasbourg,Student
STU_0300,time_sensitive,medium,4.56,28,7.3,0,11.305344258875257,0,299,Nancy,Student
STU_0301,cost_sensitive,medium,4.67,25,6.06,1,18.95761572385983,0,300,Strasbourg,Student
STU_0302,time_sensitive,long,6.12,32,9.2,0,16.71900288954163,0,301,Strasbourg,Student
STU_0303,comfort_seeking,short,1.71,21,3.29,0,16.52838296515429,0,302,Strasbourg,Employee
STU_0304,time_sensitive,short,1.86,49,1.77,0,17.278627658629542,0,303,Strasbourg,Alternance
STU_0305,time_sensitive,medium,3.24,34,4.28,1,18.929077344017905,0,304,Strasbourg,Employee
STU_0306,comfort_seeking,medium,2.48,50,1.8,0,-2.863626734219544,0,305,Other,Student
STU_0307,comfort_seeking,medium,4.03,22,1.14,0,11.084493981884311,0,306,Nancy,Alternance
STU_0308,time_sensitive,long,5.6,28,4.73,0,-3.4416805159157917,0,307,Strasbourg,Alternance
STU_0309,time_sensitive,long,9.5,19,9.71,0,14.288479414382364,0,308,Nancy,Alternance
STU_0310,comfort_seeking,long,6.77,20,9.17,0,13.962936222205238,0,309,Strasbourg,Alternance
STU_0311,eco_conscious,medium,2.35,19,1.96,0,22.364258198317444,0,310,Strasbourg,Student
STU_0312,cost_sensitive,medium,3.38,28,6.19,0,23.501075141768965,0,311,Nancy,Alternance
STU_0313,cost_sensitive,medium,2.88,53,1.77,0,15.622200386018939,0,312,Strasbourg,Student
STU_0314,time_sensitive,medium,2.32,29,1.82,0,9.997111380824801,0,313,Nancy,Student
STU_0315,cost_sensitive,medium,2.03,19,5.83,0,17.881288900365902,0,314,Strasbourg,Student
STU_0316,cost_sensitive,long,11.17,25,11.08,0,9.776658901405492,0,315,Strasbourg,Employee
STU_0317,comfort_seeking,medium,4.24,35,4.79,0,13.988858788453209,0,316,Strasbourg,Alternance
STU_0318,cost_sensitive,medium,3.69,18,5.06,0,21.889090535686144,0,317,Strasbourg,Employee
STU_0319,eco_conscious,long,5.59,19,4.08,0,9.537829232084611,0,318,Strasbourg,Alternance
STU_0320,cost_sensitive,long,5.76,18,5.8,1,20.44542911394001,0,319,Other,Student
STU_0321,eco_conscious,long,8.11,22,8.4,1,19.419210949538417,0,320,Strasbourg,Student
STU_0322,eco_conscious,medium,2.72,23,6.03,0,6.361665462953428,0,321,Nancy,Student
STU_0323,cost_sensitive,long,5.33,18,3.02,0,21.791153025739206,0,322,Nancy,Student
STU_0324,time_sensitive,medium,2.47,21,6.77,0,19.58853076297204,0,323,Strasbourg,Student
STU_0325,cost_sensitive,medium,3.77,24,4.48,1,14.81540709898126,0,324,Strasbourg,Student
STU_0326,comfort_seeking,medium,4.35,49,3.2,0,7.901412335778782,1,325,Strasbourg,Student
STU_0327,comfort_seeking,medium,4.61,18,3.09,1,7.12635185139544,0,326,Strasbourg,Employee
STU_0328,time_sensitive,medium,4.49,23,5.81,0,9.698699384775821,0,327,Other,Student
STU_0329,time_sensitive,long,6.74,25,4.8,0,18.34075570633568,0,328,Strasbourg,Alternance
STU_0330,time_sensitive,medium,2.97,23,3.02,0,6.354998660788817,0,329,Strasbourg,Alternance
STU_0331,comfort_seeking,medium,4.68,49,5.03,1,17.50009798895896,0,330,Strasbourg,Student
STU_0332,time_sensitive,medium,2.7,29,5.85,0,4.065955768972859,0,331,Strasbourg,Student
STU_0333,cost_sensitive,long,23.32,20,23.16,0,12.367451324489208,0,332,Strasbourg,Student
STU_0334,time_sensitive,medium,2.47,20,2.44,1,14.87718203659207,1,333,Strasbourg,Student
STU_0335,cost_sensitive,medium,2.79,34,3.49,0,33.56104116047133,0,334,Strasbourg,Alternance
STU_0336,comfort_seeking,long,7.06,41,4.63,0,2.981474755837061,0,335,Strasbourg,Student
STU_0337,cost_sensitive,medium,3.27,18,1.0,0,25.77611653192107,0,336,Strasbourg,Student
STU_0338,eco_conscious,long,7.07,22,5.3,1,15.19873931189824,1,337,Strasbourg,Student
STU_0339,cost_sensitive,medium,4.61,22,7.44,0,17.289375344127706,0,338,Strasbourg,Employee
STU_0340,time_sensitive,medium,3.33,37,5.73,1,14.946783307105637,0,339,Nancy,Alternance
STU_0341,eco_conscious,medium,2.71,25,4.49,0,17.557814545561865,0,340,Strasbourg,Alternance
STU_0342,comfort_seeking,medium,2.65,37,1.13,1,12.770519165103858,0,341,Strasbourg,Student
STU_0343,eco_conscious,medium,3.35,21,3.07,1,25.632401451659668,0,342,Strasbourg,Alternance
STU_0344,cost_sensitive,medium,3.8,18,3.19,0,10.34823084620222,0,343,Strasbourg,Alternance
STU_0345,cost_sensitive,medium,2.59,24,3.4,1,23.05787657743398,0,344,Other,Alternance
STU_0346,comfort_seeking,medium,3.95,21,4.45,1,8.845063038295816,0,345,Strasbourg,Employee
STU_0347,time_sensitive,medium,2.22,22,1.58,1,13.517985228789705,0,346,Strasbourg,Student
STU_0348,cost_sensitive,long,6.56,21,7.7,0,5.424299581678246,0,347,Nancy,Employee
STU_0349,comfort_seeking,long,7.34,21,8.15,0,17.64018976278016,0,348,Strasbourg,Alternance
STU_0350,comfort_seeking,medium,2.79,29,2.56,0,25.56100765541227,0,349,Strasbourg,Student
STU_0351,comfort_seeking,medium,2.7,19,4.34,0,13.381150561433167,0,350,Strasbourg,Student
STU_0352,comfort_seeking,medium,4.67,22,7.49,0,12.424914410368723,0,351,Strasbourg,Employee
STU_0353,comfort_seeking,long,8.84,41,11.58,0,5.083064295456586,0,352,Strasbourg,Student
STU_0354,cost_sensitive,long,10.06,27,10.93,0,12.165658771581535,0,353,Strasbourg,Alternance
STU_0355,cost_sensitive,short,1.85,54,3.9,0,1.2576459222277787,0,354,Nancy,Employee
STU_0356,eco_conscious,long,7.59,54,7.52,0,6.696976106249382,1,355,Nancy,Alternance
STU_0357,time_sensitive,medium,4.06,22,6.8,1,15.814288368873083,0,356,Strasbourg,Student
STU_0358,time_sensitive,medium,4.11,20,3.07,1,24.55210558193117,0,357,Strasbourg,Alternance
STU_0359,time_sensitive,long,5.66,27,7.96,0,36.473686889836024,0,358,Nancy,Student
STU_0360,time_sensitive,medium,3.18,19,3.69,0,9.307319319432795,0,359,Strasbourg,Student
STU_0361,time_sensitive,long,8.01,18,10.99,1,25.48240125316352,0,360,Nancy,Student
STU_0362,cost_sensitive,long,9.7,27,10.8,0,15.950019843213184,0,361,Nancy,Alternance
STU_0363,cost_sensitive,long,9.91,23,9.8,0,12.790018826028993,0,362,Strasbourg,Student
STU_0364,time_sensitive,short,1.43,20,2.29,0,17.46075561380922,0,363,Strasbourg,Alternance
STU_0365,eco_conscious,medium,3.68,19,5.57,0,14.495331869439674,0,364,Strasbourg,Alternance
STU_0366,cost_sensitive,short,1.36,22,3.51,0,14.883165804897748,0,365,Strasbourg,Alternance
STU_0367,time_sensitive,medium,2.69,24,3.07,1,10.733334697386645,0,366,Nancy,Alternance
STU_0368,eco_conscious,short,1.03,25,2.54,0,2.8151227216091943,0,367,Strasbourg,Student
STU_0369,time_sensitive,long,5.48,34,7.77,0,1.6509983798233474,0,368,Nancy,Alternance
STU_0370,cost_sensitive,medium,4.79,24,3.12,1,19.225959066249814,0,369,Strasbourg,Student
STU_0371,time_sensitive,medium,3.27,20,5.59,1,11.786399279314292,0,370,Strasbourg,Employee
STU_0372,time_sensitive,medium,2.65,34,4.69,0,9.231288802750667,0,371,Strasbourg,Student
STU_0373,comfort_seeking,long,5.06,38,7.94,0,14.068045013785229,0,372,Strasbourg,Student
STU_0374,cost_sensitive,medium,2.33,30,2.19,0,20.35945802332502,0,373,Strasbourg,Alternance
STU_0375,eco_conscious,medium,2.24,34,3.41,0,15.442911544211185,0,374,Strasbourg,Student
STU_0376,cost_sensitive,medium,2.08,21,3.64,0,8.751560506872261,0,375,Other,Student
STU_0377,time_sensitive,medium,3.74,23,6.01,1,23.810343645191598,0,376,Strasbourg,Alternance
STU_0378,time_sensitive,medium,2.99,23,4.81,0,26.633484023853057,0,377,Strasbourg,Alternance
STU_0379,time_sensitive,medium,3.36,20,2.12,0,17.956453242582825,0,378,Strasbourg,Alternance
STU_0380,time_sensitive,long,5.72,24,6.89,1,21.78930809075272,0,379,Nancy,Student
STU_0381,cost_sensitive,long,7.41,25,11.41,0,23.93567997451049,0,380,Strasbourg,Alternance
STU_0382,time_sensitive,long,9.85,26,10.97,1,23.04079453123611,0,381,Strasbourg,Student
STU_0383,eco_conscious,medium,4.36,21,8.15,1,18.91279341690099,0,382,Nancy,Alternance
STU_0384,time_sensitive,long,5.16,21,7.76,0,18.786776376599065,0,383,Nancy,Alternance
STU_0385,comfort_seeking,medium,4.7,24,7.95,0,18.157284586772022,0,384,Strasbourg,Alternance
STU_0386,eco_conscious,short,1.58,25,3.4,1,5.2212986036236515,0,385,Strasbourg,Student
STU_0387,time_sensitive,medium,3.39,18,5.32,1,19.605785254876686,0,386,Strasbourg,Student
STU_0388,cost_sensitive,medium,3.4,30,4.85,1,3.153488230987568,0,387,Strasbourg,Student
STU_0389,time_sensitive,medium,3.12,24,4.16,0,7.643204358999561,0,388,Nancy,Student
STU_0390,eco_conscious,medium,4.11,21,6.33,1,24.4285205424647,0,389,Strasbourg,Student
STU_0391,cost_sensitive,medium,3.7,21,3.71,0,20.72176130155358,0,390,Nancy,Alternance
STU_0392,comfort_seeking,medium,2.36,29,6.9,0,25.8991863174869,0,391,Strasbourg,Student
STU_0393,cost_sensitive,medium,3.85,21,3.1,0,11.826604930501663,0,392,Strasbourg,Employee
STU_0394,comfort_seeking,medium,2.9,21,5.43,0,4.78200926978586,0,393,Strasbourg,Student
STU_0395,cost_sensitive,short,0.91,23,4.76,0,12.076502423437258,0,394,Strasbourg,Alternance
STU_0396,comfort_seeking,short,1.86,24,2.76,0,14.816250377924593,0,395,Nancy,Alternance
STU_0397,time_sensitive,medium,4.44,27,3.27,1,14.631909730720077,0,396,Nancy,Student
STU_0398,time_sensitive,long,7.98,30,10.36,0,23.069443830053615,0,397,Strasbourg,Student
STU_0399,cost_sensitive,short,1.02,21,2.73,0,11.109836599972436,0,398,Strasbourg,Alternance
STU_0400,time_sensitive,medium,2.53,28,5.11,0,16.816275774423396,0,399,Strasbourg,Student
STU_0401,comfort_seeking,long,5.42,32,5.91,0,6.0909828045231516,0,400,Strasbourg,Employee
STU_0402,cost_sensitive,long,7.05,31,10.61,1,17.602538224350504,0,401,Strasbourg,Alternance
STU_0403,cost_sensitive,medium,3.29,32,1.0,1,14.024868401485094,0,402,Strasbourg,Employee
STU_0404,eco_conscious,medium,2.82,22,4.57,0,8.001493293723861,0,403,Strasbourg,Student
STU_0405,time_sensitive,long,8.61,22,11.23,1,12.113365102601177,0,404,Other,Alternance
STU_0406,time_sensitive,long,6.71,23,7.39,1,12.526594027878227,0,405,Strasbourg,Alternance
STU_0407,eco_conscious,long,6.96,30,7.96,0,11.838758965303231,0,406,Strasbourg,Alternance
STU_0408,cost_sensitive,medium,3.2,23,3.44,1,28.17072993814147,0,407,Strasbourg,Student
STU_0409,comfort_seeking,long,8.09,32,8.41,0,13.212431981536962,0,408,Strasbourg,Alternance
STU_0410,time_sensitive,short,1.35,27,1.0,1,12.048831118581298,0,409,Strasbourg,Student
STU_0411,cost_sensitive,long,8.17,23,7.15,0,-2.7796076608811333,0,410,Nancy,Alternance
STU_0412,eco_conscious,medium,4.05,30,3.53,0,6.8463411841641815,0,411,Nancy,Student
STU_0413,eco_conscious,medium,4.54,23,6.56,0,11.895412604349177,0,412,Strasbourg,Alternance
STU_0414,time_sensitive,medium,2.42,23,2.53,1,8.513178590586858,0,413,Strasbourg,Student
STU_0415,eco_conscious,short,1.45,30,1.76,0,25.053660747022377,0,414,Strasbourg,Alternance
STU_0416,cost_sensitive,medium,4.49,19,4.64,0,12.68049779683025,0,415,Nancy,Alternance
STU_0417,time_sensitive,long,5.82,32,5.1,0,24.30755399454602,0,416,Strasbourg,Alternance
STU_0418,comfort_seeking,long,6.36,35,7.39,1,14.493637072402944,0,417,Strasbourg,Student
STU_0419,cost_sensitive,long,5.97,25,7.25,0,14.297822691372613,0,418,Strasbourg,Student
STU_0420,time_sensitive,long,5.23,24,7.43,1,13.289628418299992,1,419,Strasbourg,Employee
STU_0421,comfort_seeking,medium,2.45,22,4.76,0,14.030370012971673,0,420,Strasbourg,Student
STU_0422,comfort_seeking,long,6.6,18,8.1,0,27.750360024398873,0,421,Other,Alternance
STU_0423,eco_conscious,medium,2.3,48,2.86,0,-4.556885814009746,0,422,Strasbourg,Alternance
STU_0424,time_sensitive,long,8.06,22,7.64,0,-2.0123659555094306,0,423,Strasbourg,Alternance
STU_0425,time_sensitive,medium,4.01,19,3.34,0,9.65463335155109,0,424,Strasbourg,Student
STU_0426,comfort_seeking,medium,4.09,19,3.38,1,14.116223055500551,0,425,Nancy,Alternance
STU_0427,comfort_seeking,long,6.99,22,7.79,0,19.520835398112098,0,426,Other,Alternance
STU_0428,cost_sensitive,long,7.57,30,6.64,1,17.784697584219803,0,427,Strasbourg,Student
STU_0429,time_sensitive,long,6.61,22,9.76,0,10.926032696955438,0,428,Nancy,Alternance
STU_0430,time_sensitive,medium,2.6,27,3.64,1,22.1523495459341,0,429,Strasbourg,Student
STU_0431,eco_conscious,long,6.58,22,9.8,1,22.241563225221846,0,430,Strasbourg,Student
STU_0432,eco_conscious,medium,2.61,48,4.75,1,15.472462650172524,0,431,Strasbourg,Student
STU_0433,eco_conscious,long,6.68,25,5.78,0,21.70126057989473,0,432,Strasbourg,Student
STU_0434,comfort_seeking,short,1.83,21,2.94,1,16.18116210745703,0,433,Strasbourg,Alternance
STU_0435,cost_sensitive,medium,3.99,52,1.88,0,9.50813578573693,0,434,Strasbourg,Student
STU_0436,cost_sensitive,medium,2.6,20,4.05,0,19.582534712000037,0,435,Strasbourg,Student
STU_0437,eco_conscious,long,7.01,52,6.22,0,14.884904980629422,0,436,Nancy,Student
STU_0438,time_sensitive,long,8.09,21,6.37,0,14.010718774035896,0,437,Strasbourg,Alternance
STU_0439,cost_sensitive,medium,4.73,20,8.26,1,25.783628577516595,0,438,Strasbourg,Alternance
STU_0440,cost_sensitive,medium,4.64,24,7.3,0,-5.606977028320692,0,439,Strasbourg,Student
STU_0441,eco_conscious,long,6.36,30,8.71,1,2.6585266387234423,0,440,Strasbourg,Student
STU_0442,comfort_seeking,long,8.12,21,9.81,0,4.503436589005039,0,441,Strasbourg,Alternance
STU_0443,time_sensitive,medium,4.3,25,2.93,1,11.093914819449555,0,442,Strasbourg,Student
STU_0444,time_sensitive,medium,3.14,24,3.45,0,11.96313464187176,0,443,Other,Student
STU_0445,cost_sensitive,long,6.15,22,6.12,0,1.9413948178156204,0,444,Strasbourg,Student
STU_0446,eco_conscious,short,1.42,19,1.0,1,6.118735741513389,0,445,Strasbourg,Alternance
STU_0447,comfort_seeking,long,7.18,29,6.6,1,7.1132665718114385,0,446,Nancy,Student
STU_0448,eco_conscious,medium,2.78,37,2.88,0,33.65939273660713,0,447,Strasbourg,Student
STU_0449,time_sensitive,medium,3.66,55,4.84,0,28.41393558197717,0,448,Strasbourg,Student
STU_0450,cost_sensitive,long,7.2,27,12.18,0,10.706004658522806,0,449,Strasbourg,Employee
STU_0451,cost_sensitive,medium,3.3,25,4.27,0,11.09133367754561,0,450,Strasbourg,Student
STU_0452,eco_conscious,long,6.15,28,6.96,1,4.806368022493647,0,451,Strasbourg,Alternance
STU_0453,comfort_seeking,long,8.21,18,8.03,1,-1.2650433058021342,0,452,Strasbourg,Student
STU_0454,comfort_seeking,medium,4.49,22,6.64,0,13.064958508731808,0,453,Strasbourg,Student
STU_0455,time_sensitive,long,5.05,21,3.86,0,6.0171841340477945,0,454,Strasbourg,Alternance
STU_0456,eco_conscious,medium,3.93,22,8.25,0,13.321195746703921,0,455,Nancy,Student
STU_0457,comfort_seeking,medium,4.51,31,5.11,1,1.1983532076521808,0,456,Strasbourg,Alternance
STU_0458,cost_sensitive,medium,2.19,19,2.65,0,7.904204333517938,0,457,Strasbourg,Alternance
STU_0459,time_sensitive,medium,3.55,22,6.26,1,15.189016762422646,0,458,Nancy,Alternance
STU_0460,comfort_seeking,short,1.98,19,1.58,0,16.9296767822715,0,459,Strasbourg,Student
STU_0461,time_sensitive,medium,2.49,48,4.91,0,17.339775669936117,0,460,Strasbourg,Alternance
STU_0462,comfort_seeking,short,1.3,18,5.13,0,3.4360881267437016,0,461,Other,Student
STU_0463,comfort_seeking,medium,4.92,18,5.25,1,20.837485841084494,0,462,Strasbourg,Alternance
STU_0464,eco_conscious,long,11.35,25,14.84,0,7.598306427185197,0,463,Strasbourg,Alternance
STU_0465,comfort_seeking,medium,3.22,26,5.4,0,19.06286331685845,0,464,Nancy,Alternance
STU_0466,eco_conscious,long,7.41,25,8.98,0,13.914890587054455,0,465,Strasbourg,Student
STU_0467,eco_conscious,long,8.14,18,10.88,0,2.988900007376417,0,466,Strasbourg,Alternance
STU_0468,time_sensitive,medium,2.09,18,6.21,1,11.470418363350497,0,467,Strasbourg,Student
STU_0469,cost_sensitive,medium,2.37,18,3.99,0,16.92290993651014,0,468,Strasbourg,Alternance
STU_0470,time_sensitive,long,7.53,19,9.33,0,18.90372304379679,0,469,Strasbourg,Student
STU_0471,eco_conscious,medium,3.99,21,7.4,0,12.872096820444652,0,470,Nancy,Student
STU_0472,cost_sensitive,short,1.98,51,1.09,0,26.25423112480842,0,471,Strasbourg,Alternance
STU_0473,cost_sensitive,medium,2.9,22,1.0,0,22.06008616789247,1,472,Nancy,Alternance
STU_0474,cost_sensitive,long,5.39,18,5.98,0,11.946767068801977,0,473,Strasbourg,Student
STU_0475,comfort_seeking,medium,2.64,45,1.0,0,20.000974497095555,1,474,Nancy,Alternance
STU_0476,comfort_seeking,short,0.83,19,1.64,0,29.470347881505496,0,475,Strasbourg,Student
STU_0477,comfort_seeking,medium,3.49,19,5.03,0,29.683876806264216,0,476,Strasbourg,Student
STU_0478,time_sensitive,medium,3.66,25,4.11,0,4.17600095342002,0,477,Strasbourg,Student
STU_0479,comfort_seeking,medium,4.23,21,4.84,0,6.587735110742795,0,478,Strasbourg,Student
STU_0480,comfort_seeking,long,8.81,43,7.19,0,25.879350293870807,1,479,Strasbourg,Student
STU_0481,time_sensitive,medium,4.35,22,6.62,0,5.533751593298902,0,480,Nancy,Alternance
STU_0482,eco_conscious,medium,4.86,32,3.72,0,3.419670933666568,0,481,Nancy,Student
STU_0483,cost_sensitive,long,7.82,19,4.36,0,10.110446954407625,0,482,Strasbourg,Student
STU_0484,comfort_seeking,medium,4.24,25,4.73,0,17.361813675796686,0,483,Strasbourg,Employee
STU_0485,time_sensitive,long,14.73,20,15.67,0,13.180826347111228,0,484,Strasbourg,Student
STU_0486,time_sensitive,medium,2.01,23,3.35,0,8.795491036755262,0,485,Strasbourg,Student
STU_0487,eco_conscious,medium,2.44,25,1.48,0,8.606300306203927,0,486,Strasbourg,Alternance
STU_0488,time_sensitive,long,6.03,26,6.81,0,8.30130348469833,0,487,Nancy,Employee
STU_0489,cost_sensitive,long,8.78,24,9.75,0,6.96392297072846,0,488,Other,Alternance
STU_0490,eco_conscious,medium,3.74,52,4.84,0,32.25306301820849,0,489,Strasbourg,Alternance
STU_0491,cost_sensitive,medium,2.33,21,3.0,1,16.38008856948444,0,490,Strasbourg,Alternance
STU_0492,eco_conscious,long,11.82,32,12.42,0,21.09407243523791,1,491,Strasbourg,Student
STU_0493,eco_conscious,medium,2.65,33,1.0,0,10.087380255048611,0,492,Strasbourg,Alternance
STU_0494,eco_conscious,long,5.14,28,4.26,0,12.51234658251161,0,493,Strasbourg,Student
STU_0495,eco_conscious,long,9.1,30,6.89,1,8.291568149037161,0,494,Strasbourg,Employee
STU_0496,eco_conscious,medium,3.25,26,6.69,0,-7.213666679353615,0,495,Nancy,Student
STU_0497,eco_conscious,medium,2.92,24,5.26,0,2.97592578521707,0,496,Strasbourg,Alternance
STU_0498,eco_conscious,medium,3.04,22,4.42,0,-0.48494943984315775,1,497,Strasbourg,Student
STU_0499,eco_conscious,long,7.14,25,4.96,0,-3.9982702236128596,0,498,Nancy,Alternance
STU_0500,comfort_seeking,long,7.84,48,9.5,0,4.437128205615178,1,499,Nancy,Student
STU_0501,comfort_seeking,medium,4.3,25,7.65,1,24.59964543505305,0,500,Strasbourg,Alternance
STU_0502,cost_sensitive,long,12.69,34,13.32,1,13.644510658365165,0,501,Strasbourg,Alternance
STU_0503,time_sensitive,medium,4.29,24,5.08,1,24.32451009856939,0,502,Strasbourg,Student
STU_0504,comfort_seeking,long,8.98,20,10.27,0,17.287860615207002,0,503,Nancy,Alternance
STU_0505,time_sensitive,medium,3.27,18,4.77,0,20.260470605721274,0,504,Strasbourg,Alternance
STU_0506,cost_sensitive,long,16.53,22,17.22,1,6.792824037563399,0,505,Strasbourg,Alternance
STU_0507,time_sensitive,long,10.57,20,12.11,0,18.191607633541366,0,506,Strasbourg,Student
STU_0508,cost_sensitive,medium,3.91,25,4.43,1,19.829713872594766,0,507,Nancy,Student
STU_0509,cost_sensitive,long,9.76,20,8.61,0,9.386821662130457,0,508,Strasbourg,Student
STU_0510,comfort_seeking,long,9.48,25,8.84,0,18.47632296492933,0,509,Strasbourg,Student
STU_0511,time_sensitive,long,10.46,18,11.36,0,18.529502068598664,0,510,Strasbourg,Alternance
STU_0512,time_sensitive,short,0.98,22,1.72,1,9.603579030959338,0,511,Strasbourg,Student
STU_0513,comfort_seeking,long,6.42,29,5.61,0,5.01785254183204,0,512,Strasbourg,Alternance
STU_0514,comfort_seeking,long,5.79,22,6.42,0,4.526973344813822,0,513,Nancy,Student
STU_0515,time_sensitive,long,5.55,25,8.21,0,14.692044335371694,0,514,Other,Alternance
STU_0516,cost_sensitive,medium,4.79,19,5.81,0,16.616078950314517,0,515,Strasbourg,Alternance
STU_0517,comfort_seeking,medium,4.87,24,5.14,0,7.659793356336684,1,516,Strasbourg,Alternance
STU_0518,eco_conscious,long,8.93,23,9.67,1,14.212682730608789,0,517,Strasbourg,Student
STU_0519,eco_conscious,long,5.78,21,6.56,0,18.564296289107883,0,518,Strasbourg,Student
STU_0520,comfort_seeking,medium,4.78,20,2.08,1,18.945525717322408,0,519,Strasbourg,Student
STU_0521,eco_conscious,long,8.21,21,9.73,1,26.41504096097991,0,520,Nancy,Student
STU_0522,time_sensitive,long,5.38,24,6.81,0,24.215846657584347,0,521,Strasbourg,Student
STU_0523,eco_conscious,long,5.69,28,6.37,0,5.989668537947647,0,522,Strasbourg,Student
STU_0524,time_sensitive,long,12.58,32,14.11,0,27.46868967630418,0,523,Strasbourg,Student
STU_0525,eco_conscious,medium,3.26,20,6.45,0,9.752187963554281,0,524,Nancy,Alternance
STU_0526,eco_conscious,short,1.73,21,4.41,0,22.35898249963542,0,525,Strasbourg,Student
STU_0527,cost_sensitive,medium,4.39,20,3.7,1,14.54389300840871,0,526,Other,Student
STU_0528,time_sensitive,medium,4.78,20,4.09,1,10.702804972344259,0,527,Nancy,Student
STU_0529,time_sensitive,long,6.43,40,8.98,1,-0.4615748781994622,0,528,Strasbourg,Alternance
STU_0530,time_sensitive,medium,4.48,22,1.93,0,12.627483918269215,0,529,Strasbourg,Alternance
STU_0531,eco_conscious,long,6.55,23,6.8,0,1.5249341175551283,0,530,Strasbourg,Alternance
STU_0532,time_sensitive,long,18.27,23,17.82,1,21.73839388674218,0,531,Strasbourg,Alternance
STU_0533,comfort_seeking,long,6.74,33,4.08,0,26.134341257113984,0,532,Strasbourg,Student
STU_0534,cost_sensitive,long,7.47,25,8.27,0,7.624712085626478,0,533,Strasbourg,Alternance
STU_0535,eco_conscious,medium,3.9,19,6.53,0,16.41576594015417,0,534,Strasbourg,Student
STU_0536,comfort_seeking,short,1.87,23,1.0,0,8.196867823936197,0,535,Strasbourg,Student
STU_0537,eco_conscious,short,1.1,24,5.42,0,8.972122158905684,0,536,Strasbourg,Alternance
STU_0538,time_sensitive,medium,3.11,25,2.33,0,20.19595763092297,0,537,Nancy,Alternance
STU_0539,comfort_seeking,short,0.93,25,3.33,0,13.6916939052527,0,538,Strasbourg,Student
STU_0540,time_sensitive,long,5.69,21,6.19,1,27.91718433544809,0,539,Strasbourg,Alternance
STU_0541,cost_sensitive,medium,3.37,18,4.49,1,10.142140170376631,0,540,Strasbourg,Alternance
STU_0542,time_sensitive,short,1.95,24,1.0,0,21.994690659795914,0,541,Strasbourg,Student
STU_0543,cost_sensitive,medium,4.55,25,7.64,1,14.779307303662256,0,542,Strasbourg,Student
STU_0544,comfort_seeking,medium,2.73,25,4.41,1,20.366224077953866,0,543,Strasbourg,Student
STU_0545,cost_sensitive,long,5.48,25,9.08,0,10.422738741360426,0,544,Strasbourg,Student
STU_0546,comfort_seeking,long,6.38,34,4.66,0,13.603529299587338,0,545,Strasbourg,Student
STU_0547,eco_conscious,medium,2.79,18,3.55,0,13.076008965608523,0,546,Strasbourg,Student
STU_0548,cost_sensitive,medium,3.66,19,4.99,0,7.311543081233703,0,547,Strasbourg,Student
STU_0549,eco_conscious,medium,4.78,24,5.67,1,19.296652276654022,0,548,Strasbourg,Alternance
STU_0550,cost_sensitive,short,1.85,19,4.27,0,19.201992044626913,0,549,Strasbourg,Alternance
STU_0551,time_sensitive,medium,4.78,28,5.21,0,18.748437559244532,0,550,Strasbourg,Employee
STU_0552,cost_sensitive,short,1.82,18,6.87,0,26.29572523134116,0,551,Strasbourg,Student
STU_0553,comfort_seeking,long,5.87,39,6.56,0,25.594758409890428,0,552,Strasbourg,Alternance
STU_0554,comfort_seeking,medium,3.26,23,1.0,1,11.000442481206917,0,553,Strasbourg,Alternance
STU_0555,cost_sensitive,short,1.81,21,3.19,0,16.984418547473425,0,554,Strasbourg,Alternance
STU_0556,cost_sensitive,medium,3.0,34,6.32,0,9.011194485934299,0,555,Strasbourg,Student
STU_0557,comfort_seeking,medium,3.07,34,2.45,0,14.186842528916443,0,556,Nancy,Alternance
STU_0558,time_sensitive,long,7.88,34,6.42,0,9.202004407049081,0,557,Nancy,Student
STU_0559,comfort_seeking,medium,4.66,35,3.95,0,26.96056247308841,0,558,Strasbourg,Student
STU_0560,time_sensitive,medium,2.4,24,1.6,0,16.909585202743703,0,559,Strasbourg,Alternance
STU_0561,time_sensitive,long,11.07,27,10.05,0,12.255766975164622,0,560,Strasbourg,Alternance
STU_0562,comfort_seeking,long,6.08,19,8.3,0,23.548948574851018,0,561,Strasbourg,Student
STU_0563,time_sensitive,medium,3.46,30,7.19,1,-3.3649232783632925,0,562,Strasbourg,Employee
STU_0564,comfort_seeking,short,1.69,21,1.0,0,-2.112820758922318,0,563,Strasbourg,Alternance
STU_0565,comfort_seeking,medium,3.28,33,3.61,0,20.36670924175819,0,564,Strasbourg,Student
STU_0566,cost_sensitive,medium,3.7,19,5.19,0,14.483747584938945,1,565,Nancy,Employee
STU_0567,cost_sensitive,long,5.23,23,6.31,1,16.003570402086083,0,566,Strasbourg,Student
STU_0568,comfort_seeking,long,6.01,22,10.03,0,3.38883117345161,0,567,Strasbourg,Employee
STU_0569,comfort_seeking,long,6.76,30,3.63,0,13.81413031319707,0,568,Strasbourg,Student
STU_0570,cost_sensitive,short,1.64,25,1.0,0,30.028075283210736,0,569,Strasbourg,Student
STU_0571,comfort_seeking,medium,4.76,24,9.26,0,20.593596958366902,0,570,Strasbourg,Alternance
STU_0572,time_sensitive,medium,3.84,25,6.12,1,15.357652361142497,0,571,Strasbourg,Alternance
STU_0573,cost_sensitive,long,20.22,25,17.66,0,10.4875687191605,0,572,Nancy,Alternance
STU_0574,comfort_seeking,medium,4.37,27,5.52,1,10.84341718504485,0,573,Strasbourg,Employee
STU_0575,cost_sensitive,medium,2.92,20,4.42,1,-3.033583113600141,1,574,Strasbourg,Alternance
STU_0576,comfort_seeking,medium,4.49,45,4.24,0,16.061123367369284,0,575,Nancy,Alternance
STU_0577,cost_sensitive,medium,4.19,24,5.32,1,20.76386486785483,0,576,Strasbourg,Alternance
STU_0578,eco_conscious,short,1.31,18,3.25,0,1.3950453826350788,0,577,Other,Alternance
STU_0579,cost_sensitive,long,5.35,33,9.68,1,8.708664861545472,0,578,Strasbourg,Student
STU_0580,time_sensitive,medium,3.51,19,6.22,0,4.740282942132623,0,579,Strasbourg,Alternance
STU_0581,eco_conscious,medium,4.15,24,8.16,0,6.277190441529892,0,580,Strasbourg,Student
STU_0582,cost_sensitive,medium,2.52,18,1.22,0,14.427853014575202,0,581,Strasbourg,Alternance
STU_0583,eco_conscious,medium,2.22,34,2.76,0,-2.675217239907795,0,582,Strasbourg,Alternance
STU_0584,time_sensitive,long,7.05,25,7.93,0,18.91416350685651,0,583,Strasbourg,Alternance
STU_0585,cost_sensitive,long,8.06,49,4.89,1,20.030840559469457,0,584,Nancy,Alternance
STU_0586,comfort_seeking,long,5.38,53,8.2,0,11.9911792957047,0,585,Nancy,Alternance
STU_0587,time_sensitive,short,1.46,23,3.9,0,-5.845668079876333,0,586,Strasbourg,Student
STU_0588,time_sensitive,long,5.59,21,5.59,0,6.028650991980883,0,587,Strasbourg,Alternance
STU_0589,time_sensitive,short,1.47,23,2.42,0,23.863215472821572,0,588,Strasbourg,Student
STU_0590,time_sensitive,medium,2.86,21,6.19,0,-8.22395424582858,1,589,Strasbourg,Student
STU_0591,cost_sensitive,long,6.99,22,6.01,1,11.219812702451847,0,590,Strasbourg,Student
STU_0592,time_sensitive,long,6.19,21,9.09,0,4.559993772261928,1,591,Strasbourg,Alternance
STU_0593,time_sensitive,long,5.5,25,5.72,0,20.436562412678693,0,592,Strasbourg,Student
STU_0594,eco_conscious,long,9.09,28,10.59,0,8.599088382852308,0,593,Strasbourg,Alternance
STU_0595,comfort_seeking,long,5.85,26,6.63,0,17.231632165884893,0,594,Other,Student
STU_0596,eco_conscious,short,1.29,33,6.62,0,18.523683353352745,0,595,Strasbourg,Student
STU_0597,cost_sensitive,medium,3.39,22,2.78,1,28.68980671784016,0,596,Strasbourg,Student
STU_0598,cost_sensitive,medium,4.11,20,3.96,0,12.376464450597037,0,597,Strasbourg,Student
STU_0599,cost_sensitive,medium,3.84,19,2.05,1,17.00835495698089,0,598,Strasbourg,Alternance
STU_0600,cost_sensitive,medium,2.93,42,2.02,0,2.1195561669805123,1,599,Strasbourg,Student
STU_0601,time_sensitive,medium,2.3,18,4.74,0,23.523308506349952,0,600,Strasbourg,Student
STU_0602,cost_sensitive,long,17.19,34,18.99,1,7.915929215429083,0,601,Nancy,Student
STU_0603,cost_sensitive,medium,3.35,24,5.84,1,9.513966687298035,0,602,Strasbourg,Student
STU_0604,cost_sensitive,long,16.7,19,15.69,1,13.822017641206314,0,603,Strasbourg,Student
STU_0605,cost_sensitive,medium,2.16,30,1.73,1,1.4969252372812036,0,604,Other,Student
STU_0606,cost_sensitive,long,6.19,22,8.38,1,15.830160231431504,0,605,Nancy,Alternance
STU_0607,cost_sensitive,medium,4.82,30,3.89,1,21.739730183400084,0,606,Strasbourg,Alternance
STU_0608,eco_conscious,medium,2.45,43,1.15,0,16.34347058797833,0,607,Strasbourg,Alternance
STU_0609,time_sensitive,medium,3.2,23,3.66,1,1.2888194865701994,0,608,Strasbourg,Employee
STU_0610,cost_sensitive,medium,4.17,25,1.38,0,13.009525645362723,0,609,Strasbourg,Student
STU_0611,time_sensitive,medium,2.57,23,1.2,0,19.936231223835925,0,610,Strasbourg,Student
STU_0612,time_sensitive,medium,3.62,42,7.97,0,-1.0239101277272624,0,611,Strasbourg,Employee
STU_0613,cost_sensitive,short,1.05,24,1.0,1,5.401871889458288,0,612,Strasbourg,Student
STU_0614,cost_sensitive,long,6.39,21,4.79,1,21.012348832652158,0,613,Strasbourg,Employee
STU_0615,time_sensitive,long,8.64,25,8.97,0,16.160763473578292,0,614,Strasbourg,Student
STU_0616,eco_conscious,long,5.5,31,6.4,1,17.29577265701403,0,615,Strasbourg,Student
STU_0617,cost_sensitive,long,15.87,23,14.57,1,28.875958460986492,0,616,Strasbourg,Student
STU_0618,cost_sensitive,long,6.28,34,3.23,0,17.74842222804962,0,617,Strasbourg,Alternance
STU_0619,comfort_seeking,long,8.23,48,10.02,0,19.263104083465436,0,618,Strasbourg,Alternance
STU_0620,cost_sensitive,long,8.7,19,8.1,0,35.68596421774661,0,619,Strasbourg,Alternance
STU_0621,cost_sensitive,short,0.84,19,4.41,1,12.289563535276073,0,620,Strasbourg,Student
STU_0622,comfort_seeking,long,5.4,50,4.93,0,7.616937891052039,0,621,Strasbourg,Student
STU_0623,comfort_seeking,short,1.87,21,4.86,1,17.422371185977063,0,622,Strasbourg,Student
STU_0624,time_sensitive,medium,2.11,27,5.63,0,17.51192823511116,0,623,Strasbourg,Student
STU_0625,time_sensitive,medium,2.33,24,2.64,1,9.786276864430334,0,624,Nancy,Employee
STU_0626,cost_sensitive,medium,3.51,24,6.07,0,5.74082384356122,0,625,Nancy,Student
STU_0627,cost_sensitive,long,6.17,28,4.35,1,32.47875537672063,0,626,Strasbourg,Alternance
STU_0628,time_sensitive,long,5.43,24,6.59,0,16.614747763104184,0,627,Strasbourg,Alternance
STU_0629,cost_sensitive,medium,4.18,25,7.25,0,8.141716948783394,0,628,Strasbourg,Student
STU_0630,time_sensitive,long,6.43,21,7.9,1,21.32744241823679,0,629,Strasbourg,Alternance
STU_0631,comfort_seeking,long,6.66,22,11.49,1,13.126838787509325,0,630,Strasbourg,Student
STU_0632,comfort_seeking,long,5.46,23,7.17,1,11.97694842945735,0,631,Other,Student
STU_0633,cost_sensitive,short,1.53,20,2.14,0,18.498182975315945,0,632,Strasbourg,Student
STU_0634,eco_conscious,medium,2.73,40,8.93,0,3.6649418541464804,0,633,Strasbourg,Alternance
STU_0635,time_sensitive,medium,4.28,22,8.08,0,16.82101763133738,0,634,Nancy,Student
STU_0636,comfort_seeking,long,6.47,18,4.11,0,29.303638461854018,0,635,Other,Alternance
STU_0637,cost_sensitive,short,1.93,25,1.73,0,17.729421297578487,0,636,Nancy,Alternance
STU_0638,cost_sensitive,medium,4.18,28,3.18,1,10.990303169732284,0,637,Strasbourg,Student
STU_0639,cost_sensitive,short,1.68,24,4.09,1,9.943157756574063,0,638,Strasbourg,Alternance
STU_0640,time_sensitive,long,7.68,54,9.06,1,10.717280213239125,0,639,Strasbourg,Alternance
STU_0641,time_sensitive,medium,4.85,24,6.64,1,11.968298575617752,0,640,Strasbourg,Student
STU_0642,eco_conscious,short,1.91,22,1.0,1,10.977547737933824,0,641,Strasbourg,Student
STU_0643,eco_conscious,short,1.91,23,1.97,0,21.330491528596532,0,642,Strasbourg,Alternance
STU_0644,time_sensitive,long,5.28,24,5.72,0,0.1343271743281349,0,643,Other,Student
STU_0645,time_sensitive,long,9.42,21,6.23,0,20.896000403297073,0,644,Strasbourg,Alternance
STU_0646,cost_sensitive,medium,2.21,24,1.81,1,10.96250779885951,0,645,Strasbourg,Student
STU_0647,comfort_seeking,long,6.68,34,9.62,0,17.015582285562978,0,646,Strasbourg,Student
STU_0648,comfort_seeking,medium,3.07,25,1.31,0,4.98409671839309,0,647,Strasbourg,Student
STU_0649,comfort_seeking,long,6.82,22,9.92,0,24.629048534795487,0,648,Strasbourg,Student
STU_0650,comfort_seeking,long,6.28,24,8.8,0,23.965079681374984,0,649,Strasbourg,Alternance
STU_0651,cost_sensitive,medium,4.61,33,4.9,0,21.67672420600059,0,650,Strasbourg,Student
STU_0652,cost_sensitive,short,1.44,19,1.56,1,1.8819617936516853,0,651,Strasbourg,Alternance
STU_0653,time_sensitive,long,6.28,19,8.34,0,20.632968568528423,0,652,Strasbourg,Alternance
STU_0654,comfort_seeking,long,5.65,25,4.88,0,17.23884070108567,0,653,Other,Alternance
STU_0655,cost_sensitive,long,5.36,33,4.73,1,1.157830022939459,0,654,Strasbourg,Alternance
STU_0656,cost_sensitive,medium,4.72,18,5.47,0,13.805620929833475,0,655,Strasbourg,Student
STU_0657,comfort_seeking,medium,2.52,21,1.0,1,16.9162759122661,0,656,Strasbourg,Student
STU_0658,cost_sensitive,long,7.94,30,5.64,0,18.448602190585206,0,657,Strasbourg,Alternance
STU_0659,time_sensitive,long,7.13,28,6.99,0,15.418090935590845,0,658,Strasbourg,Student
STU_0660,eco_conscious,medium,2.24,18,4.26,0,16.329851334779036,0,659,Strasbourg,Alternance
STU_0661,cost_sensitive,long,9.1,29,7.79,0,25.788891138024766,0,660,Nancy,Student
STU_0662,cost_sensitive,medium,4.55,25,5.01,1,23.80827127928544,0,661,Nancy,Alternance
STU_0663,eco_conscious,medium,4.54,20,2.45,0,-8.936439630261948,0,662,Strasbourg,Alternance
STU_0664,eco_conscious,medium,3.8,25,6.41,0,11.460491561298543,0,663,Nancy,Alternance
STU_0665,comfort_seeking,medium,4.02,25,5.31,0,12.68279177964839,0,664,Strasbourg,Alternance
STU_0666,time_sensitive,long,9.4,19,10.05,1,-0.01678858181576892,0,665,Strasbourg,Alternance
STU_0667,cost_sensitive,long,7.71,37,8.93,1,14.753464465858498,0,666,Strasbourg,Alternance
STU_0668,eco_conscious,long,7.62,20,8.12,1,23.990062179284052,0,667,Strasbourg,Alternance
STU_0669,time_sensitive,medium,4.69,18,4.62,0,5.307457123275277,0,668,Nancy,Student
STU_0670,cost_sensitive,long,7.09,19,9.56,0,16.69120750951898,0,669,Strasbourg,Student
STU_0671,comfort_seeking,medium,2.58,49,3.98,0,6.673412181628498,0,670,Nancy,Student
STU_0672,cost_sensitive,long,5.93,24,6.24,0,8.624703810562586,0,671,Strasbourg,Employee
STU_0673,cost_sensitive,medium,3.85,20,4.76,1,25.81914907336028,0,672,Strasbourg,Student
STU_0674,cost_sensitive,short,1.26,20,2.52,1,9.6595374391054,0,673,Strasbourg,Alternance
STU_0675,time_sensitive,short,1.66,19,2.59,0,17.697699912084996,0,674,Strasbourg,Alternance
STU_0676,eco_conscious,medium,2.86,44,4.73,0,-0.9697449284878967,1,675,Strasbourg,Alternance
STU_0677,eco_conscious,long,5.37,51,4.38,1,28.89854049115904,0,676,Nancy,Alternance
STU_0678,eco_conscious,medium,2.86,22,2.38,0,18.82121957045199,0,677,Strasbourg,Student
STU_0679,comfort_seeking,medium,2.98,44,5.04,0,12.540001258797906,0,678,Nancy,Alternance
STU_0680,cost_sensitive,long,6.59,21,6.84,0,18.60437207999916,0,679,Nancy,Alternance
STU_0681,cost_sensitive,medium,3.04,29,5.83,0,2.7214445684175175,0,680,Strasbourg,Student
STU_0682,cost_sensitive,long,9.18,23,10.04,0,23.46024593402126,0,681,Nancy,Student
STU_0683,cost_sensitive,long,8.33,19,7.59,0,11.408121796028558,0,682,Other,Alternance
STU_0684,eco_conscious,medium,4.27,19,6.16,0,12.367443879612523,0,683,Strasbourg,Alternance
STU_0685,eco_conscious,long,6.55,19,9.22,0,10.066755080276124,0,684,Nancy,Student
STU_0686,eco_conscious,long,6.05,23,7.45,0,9.354788778035322,0,685,Other,Alternance
STU_0687,cost_sensitive,medium,3.65,21,5.8,0,19.55736489302727,0,686,Strasbourg,Alternance
STU_0688,time_sensitive,long,6.98,18,7.12,1,16.047254800833784,0,687,Strasbourg,Student
STU_0689,time_sensitive,long,7.61,34,9.76,1,19.21398513122432,0,688,Nancy,Employee
STU_0690,cost_sensitive,medium,2.41,19,2.5,0,13.929642484115428,0,689,Strasbourg,Alternance
STU_0691,eco_conscious,medium,4.61,22,6.03,0,18.10559848861745,0,690,Strasbourg,Alternance
STU_0692,comfort_seeking,medium,4.58,55,10.02,1,10.649210048599693,0,691,Strasbourg,Alternance
STU_0693,time_sensitive,long,6.93,20,8.36,0,31.837854731276387,0,692,Nancy,Student
STU_0694,eco_conscious,medium,3.25,25,3.51,0,1.4565566685560114,0,693,Strasbourg,Student
STU_0695,time_sensitive,medium,2.97,20,3.26,1,24.087498588503877,0,694,Nancy,Student
STU_0696,cost_sensitive,medium,4.65,32,5.32,0,24.943259605767764,0,695,Strasbourg,Student
STU_0697,eco_conscious,long,8.41,23,10.18,1,7.18272955227525,0,696,Strasbourg,Student
STU_0698,time_sensitive,medium,2.09,25,3.54,0,31.834188884447787,0,697,Strasbourg,Alternance
STU_0699,cost_sensitive,medium,2.31,28,2.3,0,21.963922263562544,0,698,Strasbourg,Alternance
STU_0700,eco_conscious,medium,3.1,40,2.96,0,21.769112054583292,0,699,Strasbourg,Alternance
STU_0701,comfort_seeking,medium,3.45,19,4.71,0,14.224177496207014,0,700,Nancy,Alternance
STU_0702,time_sensitive,short,1.5,21,2.85,0,12.262190734250588,0,701,Nancy,Alternance
STU_0703,time_sensitive,long,10.13,24,10.93,0,12.324729383683135,0,702,Strasbourg,Student
STU_0704,comfort_seeking,medium,3.9,29,6.47,1,17.12424477055614,0,703,Strasbourg,Student
STU_0705,comfort_seeking,medium,3.57,21,9.44,0,25.20949020027117,1,704,Nancy,Student
STU_0706,eco_conscious,long,10.9,19,8.13,0,15.450513742891356,0,705,Nancy,Alternance
STU_0707,time_sensitive,long,6.41,38,8.18,1,6.708451014901677,0,706,Strasbourg,Student
STU_0708,comfort_seeking,medium,3.08,19,4.29,1,20.59541649907984,0,707,Strasbourg,Alternance
STU_0709,cost_sensitive,medium,4.64,22,2.12,0,21.369205971158337,0,708,Strasbourg,Student
STU_0710,eco_conscious,medium,4.11,23,7.24,0,19.23727622758229,0,709,Nancy,Alternance
STU_0711,cost_sensitive,long,9.84,22,10.62,1,19.96399125219986,0,710,Strasbourg,Alternance
STU_0712,eco_conscious,medium,3.82,23,6.19,0,11.832574958737535,0,711,Strasbourg,Alternance
STU_0713,cost_sensitive,short,1.81,25,1.0,1,6.568086662955364,0,712,Strasbourg,Employee
STU_0714,time_sensitive,short,1.4,24,2.29,1,7.0544525548737615,0,713,Nancy,Alternance
STU_0715,time_sensitive,long,10.0,22,8.06,1,0.9162940123371364,0,714,Strasbourg,Alternance
STU_0716,cost_sensitive,medium,2.65,45,7.65,0,15.895588892367599,0,715,Strasbourg,Employee
STU_0717,eco_conscious,long,6.24,23,8.86,0,13.332409734187252,0,716,Strasbourg,Alternance
STU_0718,comfort_seeking,medium,4.39,49,4.01,0,10.48009836376233,0,717,Strasbourg,Alternance
STU_0719,comfort_seeking,medium,3.3,21,1.54,0,-9.644950594760559,0,718,Strasbourg,Student
STU_0720,cost_sensitive,medium,3.62,34,4.93,1,4.021460242446649,0,719,Nancy,Student
STU_0721,eco_conscious,long,10.65,29,12.52,0,22.966725211225334,0,720,Nancy,Alternance
STU_0722,eco_conscious,short,1.8,18,1.0,0,8.682991999494952,0,721,Nancy,Student
STU_0723,time_sensitive,medium,3.36,32,2.68,0,16.88473342125473,0,722,Nancy,Student
STU_0724,cost_sensitive,long,7.16,32,5.6,1,2.87451656019795,0,723,Strasbourg,Employee
STU_0725,eco_conscious,short,1.99,21,4.75,0,25.50964385887385,0,724,Nancy,Alternance
STU_0726,comfort_seeking,long,9.11,22,8.58,0,12.847778719562589,0,725,Strasbourg,Alternance
STU_0727,eco_conscious,long,7.1,23,6.94,0,16.32032317186828,0,726,Strasbourg,Student
STU_0728,time_sensitive,medium,4.94,28,6.01,0,32.606238335053476,0,727,Other,Student
STU_0729,eco_conscious,medium,3.14,33,2.59,0,26.13152080471523,0,728,Strasbourg,Student
STU_0730,cost_sensitive,short,1.84,30,1.0,0,11.547475029703538,0,729,Strasbourg,Student
STU_0731,eco_conscious,long,6.37,25,9.38,0,9.254238521037127,1,730,Strasbourg,Student
STU_0732,eco_conscious,long,21.08,35,22.05,0,11.395639907843746,0,731,Strasbourg,Student
STU_0733,cost_sensitive,medium,4.59,24,5.72,0,18.079185987812284,0,732,Strasbourg,Alternance
STU_0734,comfort_seeking,short,1.44,21,3.18,0,13.158206925993031,0,733,Nancy,Alternance
STU_0735,cost_sensitive,long,5.51,21,8.45,0,10.838046839972227,0,734,Other,Student
STU_0736,comfort_seeking,long,6.97,25,7.71,0,25.737450005672336,0,735,Strasbourg,Student
STU_0737,time_sensitive,medium,2.46,23,2.84,0,13.086320865777305,0,736,Strasbourg,Student
STU_0738,cost_sensitive,medium,2.89,25,4.03,0,32.396712744298554,0,737,Strasbourg,Student
STU_0739,time_sensitive,medium,2.72,19,6.32,0,14.725940510017384,0,738,Nancy,Employee
STU_0740,time_sensitive,medium,3.08,23,4.21,0,28.28254715379782,0,739,Strasbourg,Student
STU_0741,cost_sensitive,medium,3.81,19,3.53,0,16.858555381685015,0,740,Strasbourg,Student
STU_0742,time_sensitive,medium,2.54,20,3.92,0,21.703684585995582,0,741,Strasbourg,Student
STU_0743,eco_conscious,medium,2.04,24,4.42,1,8.203111587858205,0,742,Strasbourg,Student
STU_0744,eco_conscious,medium,4.66,21,6.43,0,7.169926219300706,0,743,Strasbourg,Alternance
STU_0745,cost_sensitive,medium,3.78,21,5.71,0,17.6776476401199,0,744,Nancy,Alternance
STU_0746,time_sensitive,medium,3.26,20,2.78,0,21.90842593972252,0,745,Strasbourg,Alternance
STU_0747,cost_sensitive,medium,4.42,18,6.64,0,14.322052016003703,0,746,Strasbourg,Student
STU_0748,eco_conscious,short,1.73,24,3.02,0,3.708853319330423,0,747,Strasbourg,Alternance
STU_0749,cost_sensitive,medium,4.91,23,4.39,1,3.1179330696853835,0,748,Strasbourg,Alternance
