profile_id,n_pairs,mean_diff_N3_minus_N2,std_diff,paired_dz,wilcoxon_p,winner
STU_0302,30,-0.00545193578343007,0.006673056361080916,-0.8170073034640087,0.0002562887966632843,NSGA-II
STU_0403,30,-0.0038150226417115814,0.004993556487610308,-0.7639890829666534,0.0002562887966632843,NSGA-II
STU_0618,30,-0.002536781797732938,0.00525958957644707,-0.48231554208961136,0.019660815596580505,NSGA-II
STU_0236,30,-0.0022676538649706755,0.005077669909788208,-0.4465933991887354,0.023410143330693245,NSGA-II
STU_0529,30,-0.0016212944087413029,0.005194388080162574,-0.3121242355635776,0.140283040702343,NSGA-II
STU_0749,30,6.17219330883656e-05,0.0076336081136787306,0.008085551703625644,0.4521643426269293,NSGA-III
STU_0455,30,0.0002986636576992533,0.00960164782907822,0.031105458460449043,0.7921590935438871,NSGA-III
STU_0647,30,0.0015490078188813686,0.006105338953235984,0.2537136481276531,0.13473508320748806,NSGA-III
STU_0714,30,0.0026164204556615427,0.008334666217317845,0.31392024436744936,0.11417667381465435,NSGA-III
STU_0175,30,0.005088202549725825,0.015774347076342937,0.3225618483668773,0.2710056286305189,NSGA-III
STU_0597,30,0.003160612353330435,0.007561526660228388,0.4179860093536947,0.049710121005773544,NSGA-III
STU_0027,30,0.0034764163222697634,0.007107919401915229,0.489090565845899,0.02084985189139843,NSGA-III
STU_0748,30,0.009062553459073837,0.01750682342605801,0.5176583574599085,0.012047622352838516,NSGA-III
STU_0463,30,0.007264615091508545,0.013718048100643159,0.5295662355322949,0.00993151031434536,NSGA-III
STU_0367,30,0.003741308124135693,0.006263053331169539,0.5973616902663441,0.0009517744183540344,NSGA-III
STU_0436,30,0.005126220811152157,0.008239979570635497,0.6221157185171036,0.0027663204818964005,NSGA-III
STU_0241,30,0.005941649409263224,0.009191251842153381,0.646446154593799,0.001038169488310814,NSGA-III
STU_0351,30,0.006143215845267754,0.009047040326183442,0.6790304479453241,0.0007978975772857666,NSGA-III
STU_0522,30,0.007145620688685165,0.01018391950848744,0.7016572236976041,0.0012321043759584427,NSGA-III
STU_0243,30,0.005532810561074782,0.00763343761940976,0.7248124419077384,0.000283263623714447,NSGA-III
STU_0037,30,0.0022947991169713577,0.0030426312977547072,0.7542153131287356,5.5925920605659485e-05,NSGA-III
STU_0365,30,0.010125089397676328,0.012659360760891376,0.7998104792902194,0.00023163668811321259,NSGA-III
STU_0414,30,0.005866070583391192,0.006763147201821922,0.8673581112963109,3.049522638320923e-05,NSGA-III
STU_0410,30,0.0060478033578373076,0.006934007533764167,0.8721945178727288,6.286613643169403e-05,NSGA-III
STU_0471,30,0.0166256903814615,0.018700510584705895,0.8890500773309754,3.453157842159271e-05,NSGA-III
STU_0490,30,0.003543517766391006,0.003963388719993654,0.8940626359749744,2.0798295736312866e-05,NSGA-III
STU_0396,30,0.010531549538775102,0.011532026305074427,0.9132436278038071,6.917864084243774e-06,NSGA-III
STU_0171,30,0.01407111262097434,0.015118251660474456,0.9307367635480112,1.0609626770019531e-05,NSGA-III
STU_0013,30,0.005971114380469219,0.006032053173064656,0.989897504075801,4.7124922275543213e-07,NSGA-III
STU_0327,30,0.01093739619313944,0.011021802297234536,0.992341896377848,1.6838312149047852e-06,NSGA-III
STU_0283,30,0.007148133487722049,0.007130937291470787,1.0024114917223896,1.597777009010315e-05,NSGA-III
STU_0011,30,0.005821977711003782,0.005536096670994091,1.051639459532479,2.348795533180237e-06,NSGA-III
STU_0244,30,0.0221356990627968,0.020994115217636694,1.0543763732515428,3.7904828786849976e-06,NSGA-III
STU_0334,30,0.005642930067787318,0.005322830661263214,1.0601370636968823,2.7623027563095093e-06,NSGA-III
STU_0510,30,0.006354352419339304,0.005868988718105777,1.082699716177028,1.6838312149047852e-06,NSGA-III
STU_0642,30,0.005756527188993743,0.005236305914212654,1.0993489080477667,3.7904828786849976e-06,NSGA-III
STU_0130,30,0.013316730466007294,0.012111893785978612,1.0994754991513769,1.4193356037139893e-06,NSGA-III
STU_0265,30,0.004358429999524771,0.0039546208816302435,1.1021107028919703,3.7904828786849976e-06,NSGA-III
STU_0217,30,0.007556893416469598,0.0068481391858024356,1.1034958857344126,3.7904828786849976e-06,NSGA-III
STU_0187,30,0.004652484629875542,0.004154785369015824,1.119789403460235,1.6838312149047852e-06,NSGA-III
STU_0541,30,0.0060547189979518285,0.005304674914049106,1.1413930346450216,1.991167664527893e-06,NSGA-III
STU_0577,30,0.015491972846919999,0.013406342687794314,1.1555704048222286,5.587935447692871e-09,NSGA-III
STU_0073,30,0.009114970874776447,0.007869958414942358,1.1581980989213663,8.326023817062378e-07,NSGA-III
STU_0574,30,0.01313480349175045,0.011313324175318818,1.161003016284584,5.718320608139038e-07,NSGA-III
STU_0600,30,0.006012202564018495,0.0050866638114468515,1.1819539853388468,3.725290298461914e-09,NSGA-III
STU_0346,30,0.005606520044572483,0.004663138129272928,1.2023062343741138,2.0489096641540527e-07,NSGA-III
STU_0660,30,0.011976767846877475,0.009470972710317398,1.2645763231722058,1.0244548320770264e-07,NSGA-III
STU_0487,30,0.024003891087979325,0.01892665481248453,1.2682585129700634,1.862645149230957e-09,NSGA-III
STU_0730,30,0.008460591464551656,0.006594538263259898,1.2829695009411177,3.725290298461914e-09,NSGA-III
STU_0132,30,0.012080762772084978,0.009287305162221468,1.3007823648593595,2.60770320892334e-08,NSGA-III
STU_0576,30,0.00422839875039277,0.0032164784359918633,1.3146050360784904,1.30385160446167e-07,NSGA-III
STU_0182,30,0.006675648593794455,0.004890842797905738,1.3649280644744852,1.30385160446167e-08,NSGA-III
STU_0678,30,0.007166738979694691,0.005123643405791264,1.3987583467643574,1.0244548320770264e-07,NSGA-III
STU_0508,30,0.020246143271228683,0.014161310872470488,1.429680024226223,1.30385160446167e-07,NSGA-III
STU_0560,30,0.007879422207758502,0.005498497199738129,1.4330137711325501,3.855675458908081e-07,NSGA-III
STU_0274,30,0.007323256845022038,0.005108272234957081,1.4336073936912186,2.60770320892334e-08,NSGA-III
STU_0395,30,0.02924239840536629,0.01901364297450037,1.5379692594724712,1.862645149230957e-09,NSGA-III
STU_0548,30,0.0266730663378494,0.01710765198073091,1.559130754348547,5.587935447692871e-09,NSGA-III
STU_0304,30,0.011866366508688402,0.007537660400898666,1.5742771466957644,1.862645149230957e-09,NSGA-III
STU_0740,30,0.027438542324946417,0.01730576372833641,1.585514673358138,1.862645149230957e-09,NSGA-III
STU_0569,30,0.012840126074859227,0.008062737363394436,1.592526892064545,1.862645149230957e-09,NSGA-III
STU_0134,30,0.03256076395353604,0.020087771940777266,1.6209246127211931,9.313225746154785e-09,NSGA-III
STU_0356,30,0.006877869472840503,0.004230516025905594,1.6257755391360822,1.862645149230957e-09,NSGA-III
STU_0716,30,0.00900424875350182,0.005516919952674364,1.6321151712808428,1.862645149230957e-09,NSGA-III
STU_0059,30,0.010510415324092045,0.006404595669621598,1.641073982850354,1.862645149230957e-09,NSGA-III
STU_0260,30,0.02909535902482904,0.017666186417220387,1.6469518852392437,1.30385160446167e-08,NSGA-III
STU_0472,30,0.011368148782597865,0.006898986358947946,1.647799863794982,1.862645149230957e-09,NSGA-III
STU_0573,30,0.013857260210527033,0.00834513108848686,1.6605203757248146,5.587935447692871e-09,NSGA-III
STU_0444,30,0.013675414086920705,0.008203661614017352,1.6669890507860456,9.313225746154785e-09,NSGA-III
STU_0383,30,0.017459278713368654,0.010438996895547805,1.672505403351061,1.862645149230957e-08,NSGA-III
STU_0118,30,0.012564594835601513,0.0074832333806253044,1.6790328720913963,3.725290298461914e-09,NSGA-III
STU_0054,30,0.01029903523813538,0.005913735367062896,1.741544827233363,3.725290298461914e-09,NSGA-III
STU_0544,30,0.016643334867440747,0.009504157223536992,1.7511636724846704,3.725290298461914e-09,NSGA-III
STU_0069,30,0.012297707174501816,0.00699705231003438,1.7575554147088248,5.587935447692871e-09,NSGA-III
STU_0072,30,0.037682468630167595,0.02100034772558877,1.7943735562174423,1.862645149230957e-09,NSGA-III
STU_0034,30,0.017890312996114977,0.009867511888504205,1.8130520842804814,5.587935447692871e-09,NSGA-III
STU_0225,30,0.022876790420532662,0.012616986040729052,1.8131739503145843,1.862645149230957e-09,NSGA-III
STU_0485,30,0.017516824817803235,0.009212575525161054,1.901403659591383,1.862645149230957e-09,NSGA-III
STU_0390,30,0.02769492485099645,0.014435346548222615,1.9185493578889141,1.862645149230957e-09,NSGA-III
STU_0460,30,0.011783920976105549,0.006031786082884137,1.9536370843030613,1.862645149230957e-09,NSGA-III
STU_0033,30,0.024019951389851555,0.012238677580593818,1.9626263729619482,1.862645149230957e-09,NSGA-III
STU_0497,30,0.017816672463217435,0.009023288174090188,1.974521052577807,1.862645149230957e-09,NSGA-III
STU_0197,30,0.030570585454270303,0.015455474195082645,1.9779778393338927,1.862645149230957e-09,NSGA-III
STU_0093,30,0.017349303717339046,0.00876655460309056,1.9790333264134037,1.862645149230957e-09,NSGA-III
STU_0297,30,0.02251706265687727,0.011265072402242997,1.9988386983108852,1.862645149230957e-09,NSGA-III
STU_0582,30,0.02363162532795459,0.011710718649863063,2.017948345828539,1.862645149230957e-09,NSGA-III
STU_0368,30,0.028937462700669173,0.014265668097394137,2.0284688037817933,3.725290298461914e-09,NSGA-III
STU_0379,30,0.012431982563392311,0.006126646784598979,2.0291658717201613,1.862645149230957e-09,NSGA-III
STU_0571,30,0.017481267478600175,0.008589312244750286,2.035234833765017,1.862645149230957e-09,NSGA-III
STU_0289,30,0.008367669690928219,0.004068539727175147,2.0566764126789114,1.862645149230957e-09,NSGA-III
STU_0127,30,0.031524487196881015,0.01529849605117357,2.0606265538410704,1.862645149230957e-09,NSGA-III
STU_0469,30,0.01420973037206118,0.006683540766872968,2.1260782073017106,3.725290298461914e-09,NSGA-III
STU_0081,30,0.01986776491264631,0.009326988846803693,2.1301370934366326,1.862645149230957e-09,NSGA-III
STU_0354,30,0.024167412517259016,0.0113404234576434,2.1310855461019207,1.862645149230957e-09,NSGA-III
STU_0325,30,0.02069389591502595,0.009701465144784637,2.1330691401958686,1.862645149230957e-09,NSGA-III
STU_0328,30,0.021319709146951596,0.00996681999085464,2.1390683454215234,1.862645149230957e-09,NSGA-III
STU_0484,30,0.01969273132459854,0.009198231553717826,2.140925808357037,1.862645149230957e-09,NSGA-III
STU_0720,30,0.02454586899519085,0.011388829901625925,2.1552581966024937,3.725290298461914e-09,NSGA-III
STU_0468,30,0.01085931637354433,0.00499819286916699,2.172648526737258,3.725290298461914e-09,NSGA-III
STU_0515,30,0.021119865105326426,0.009668239824837449,2.184458131775968,1.862645149230957e-09,NSGA-III
STU_0456,30,0.021914416033307016,0.0099864701731691,2.194410602875982,1.862645149230957e-09,NSGA-III
STU_0215,30,0.03588406326495372,0.016229538118347393,2.2110341651921077,1.862645149230957e-09,NSGA-III
STU_0537,30,0.07953730461342103,0.035594035540034576,2.234568331650988,1.862645149230957e-09,NSGA-III
STU_0170,30,0.02131699112841231,0.009521030176554294,2.2389374608753765,1.862645149230957e-09,NSGA-III
STU_0433,30,0.026895861903785526,0.01182269664130349,2.274934621076446,1.862645149230957e-09,NSGA-III
STU_0598,30,0.024206325886174197,0.01062275849320891,2.278723167965196,1.862645149230957e-09,NSGA-III
STU_0362,30,0.019713687509309054,0.008428263153657795,2.338997626189861,1.862645149230957e-09,NSGA-III
STU_0502,30,0.019747239787154442,0.008421493404341108,2.3448619905081376,1.862645149230957e-09,NSGA-III
STU_0023,30,0.037436089915372076,0.015809352074484053,2.367971169153295,1.862645149230957e-09,NSGA-III
STU_0443,30,0.017897794159849156,0.007551797995165673,2.370004358075591,1.862645149230957e-09,NSGA-III
STU_0281,30,0.006662953853213483,0.0028059335470012204,2.3745943165098717,1.862645149230957e-09,NSGA-III
STU_0311,30,0.00910133280779066,0.003801810963383987,2.3939466994670284,3.725290298461914e-09,NSGA-III
STU_0632,30,0.01614422785506716,0.006706099827281815,2.407394502149978,1.862645149230957e-09,NSGA-III
STU_0617,30,0.016136739189524036,0.006530343194913809,2.4710399909903997,1.862645149230957e-09,NSGA-III
STU_0602,30,0.01720812148213778,0.006902356741691588,2.4930791215408146,1.862645149230957e-09,NSGA-III
STU_0139,30,0.020029822528922835,0.007864657952863265,2.546814197002761,1.862645149230957e-09,NSGA-III
STU_0091,30,0.021841230605442682,0.008160420539065542,2.6764834607339663,1.862645149230957e-09,NSGA-III
STU_0375,30,0.07120092592717239,0.026430497178937588,2.693892795324042,1.862645149230957e-09,NSGA-III
STU_0076,30,0.028821457666947835,0.010572695601209603,2.7260273778855817,1.862645149230957e-09,NSGA-III
STU_0630,30,0.03780389577033169,0.013541018511810091,2.791805929322097,1.862645149230957e-09,NSGA-III
STU_0710,30,0.024469681138819345,0.008492793007952696,2.881228956823251,1.862645149230957e-09,NSGA-III
STU_0047,30,0.032006759236431113,0.011023847412495867,2.903410945270385,1.862645149230957e-09,NSGA-III
STU_0726,30,0.021163710532178283,0.007228431709640042,2.9278426334101986,1.862645149230957e-09,NSGA-III
STU_0155,30,0.04104370091243414,0.01397689294018019,2.9365396936284327,1.862645149230957e-09,NSGA-III
STU_0287,30,0.024069499411522678,0.008166523116165343,2.9473374493825846,1.862645149230957e-09,NSGA-III
STU_0176,30,0.01363458765944437,0.004605354187564562,2.9605947999093454,1.862645149230957e-09,NSGA-III
STU_0142,30,0.03420944931699287,0.011509321162120967,2.9723255468429963,1.862645149230957e-09,NSGA-III
STU_0045,30,0.03903689604470397,0.013079169234111046,2.9846617431093434,1.862645149230957e-09,NSGA-III
STU_0466,30,0.03134581236494486,0.01047072604686519,2.9936617790061866,1.862645149230957e-09,NSGA-III
STU_0226,30,0.039663777439882815,0.012936682033297803,3.0659930682219736,1.862645149230957e-09,NSGA-III
STU_0649,30,0.033334656871197826,0.010721023572722291,3.1092793188154015,1.862645149230957e-09,NSGA-III
STU_0359,30,0.019411384282740748,0.006231358424077732,3.1151127830708463,1.862645149230957e-09,NSGA-III
STU_0036,30,0.019378265548305754,0.006183695951961905,3.133767523313885,1.862645149230957e-09,NSGA-III
STU_0402,30,0.029206689626466848,0.009184558221288379,3.17997762361289,1.862645149230957e-09,NSGA-III
STU_0422,30,0.03667192604374398,0.011038784779284385,3.322098109255947,1.862645149230957e-09,NSGA-III
STU_0157,30,0.02360650550490129,0.007059613206430425,3.343880863529282,1.862645149230957e-09,NSGA-III
STU_0242,30,0.0395635127837959,0.011753395206897261,3.366134813588059,1.862645149230957e-09,NSGA-III
STU_0372,30,0.061512998185237415,0.01824066819284766,3.3722996073881357,1.862645149230957e-09,NSGA-III
STU_0030,30,0.07318630052083593,0.02162879905356375,3.383743144480188,1.862645149230957e-09,NSGA-III
STU_0021,30,0.03671201924196977,0.010712214917297475,3.427117503280231,1.862645149230957e-09,NSGA-III
STU_0178,30,0.018046134336312396,0.005127683048938354,3.5193544850726886,1.862645149230957e-09,NSGA-III
STU_0309,30,0.021879493256617373,0.006094073427981382,3.5902903887170257,1.862645149230957e-09,NSGA-III
STU_0488,30,0.04394386168699607,0.011884005526563601,3.697731508856253,1.862645149230957e-09,NSGA-III
STU_0495,30,0.02873724843039565,0.007371518305688871,3.898416477948384,1.862645149230957e-09,NSGA-III
STU_0273,30,0.04121347048863875,0.010030423488286868,4.108846504513615,1.862645149230957e-09,NSGA-III
STU_0087,30,0.03339133540984312,0.008102671772949554,4.121027772755001,1.862645149230957e-09,NSGA-III
STU_0442,30,0.03187612966499497,0.007609400819330707,4.189045947483506,1.862645149230957e-09,NSGA-III
STU_0668,30,0.04600669916423198,0.00994859633172863,4.624441240771303,1.862645149230957e-09,NSGA-III
STU_0107,30,0.05565454544004343,0.011472521992233989,4.851116910276334,1.862645149230957e-09,NSGA-III
STU_0521,30,0.04920938853718866,0.009954940739329197,4.9432126042474644,1.862645149230957e-09,NSGA-III
