plan,profile_id,algo_a,algo_b,n,mean_diff,cohen_dz_per_profile
main_nsga2_vs_nsga3_150profiles,STU_0011,nsga2,nsga3,30,-0.005821977711003782,-1.051639459532479
main_nsga2_vs_nsga3_150profiles,STU_0013,nsga2,nsga3,30,-0.005971114380469219,-0.989897504075801
main_nsga2_vs_nsga3_150profiles,STU_0021,nsga2,nsga3,30,-0.03671201924196977,-3.427117503280231
main_nsga2_vs_nsga3_150profiles,STU_0023,nsga2,nsga3,30,-0.037436089915372076,-2.367971169153295
main_nsga2_vs_nsga3_150profiles,STU_0027,nsga2,nsga3,30,-0.0034764163222697634,-0.489090565845899
main_nsga2_vs_nsga3_150profiles,STU_0030,nsga2,nsga3,30,-0.07318630052083593,-3.383743144480188
main_nsga2_vs_nsga3_150profiles,STU_0033,nsga2,nsga3,30,-0.024019951389851555,-1.9626263729619482
main_nsga2_vs_nsga3_150profiles,STU_0034,nsga2,nsga3,30,-0.017890312996114977,-1.8130520842804814
main_nsga2_vs_nsga3_150profiles,STU_0036,nsga2,nsga3,30,-0.019378265548305754,-3.133767523313885
main_nsga2_vs_nsga3_150profiles,STU_0037,nsga2,nsga3,30,-0.0022947991169713577,-0.7542153131287356
main_nsga2_vs_nsga3_150profiles,STU_0045,nsga2,nsga3,30,-0.03903689604470397,-2.9846617431093434
main_nsga2_vs_nsga3_150profiles,STU_0047,nsga2,nsga3,30,-0.032006759236431113,-2.903410945270385
main_nsga2_vs_nsga3_150profiles,STU_0054,nsga2,nsga3,30,-0.01029903523813538,-1.741544827233363
main_nsga2_vs_nsga3_150profiles,STU_0059,nsga2,nsga3,30,-0.010510415324092045,-1.641073982850354
main_nsga2_vs_nsga3_150profiles,STU_0069,nsga2,nsga3,30,-0.012297707174501816,-1.7575554147088248
main_nsga2_vs_nsga3_150profiles,STU_0072,nsga2,nsga3,30,-0.037682468630167595,-1.7943735562174423
main_nsga2_vs_nsga3_150profiles,STU_0073,nsga2,nsga3,30,-0.009114970874776447,-1.1581980989213663
main_nsga2_vs_nsga3_150profiles,STU_0076,nsga2,nsga3,30,-0.028821457666947835,-2.7260273778855817
main_nsga2_vs_nsga3_150profiles,STU_0081,nsga2,nsga3,30,-0.01986776491264631,-2.1301370934366326
main_nsga2_vs_nsga3_150profiles,STU_0087,nsga2,nsga3,30,-0.03339133540984312,-4.121027772755001
main_nsga2_vs_nsga3_150profiles,STU_0091,nsga2,nsga3,30,-0.021841230605442682,-2.6764834607339663
main_nsga2_vs_nsga3_150profiles,STU_0093,nsga2,nsga3,30,-0.017349303717339046,-1.9790333264134037
main_nsga2_vs_nsga3_150profiles,STU_0107,nsga2,nsga3,30,-0.05565454544004343,-4.851116910276334
main_nsga2_vs_nsga3_150profiles,STU_0118,nsga2,nsga3,30,-0.012564594835601513,-1.6790328720913963
main_nsga2_vs_nsga3_150profiles,STU_0127,nsga2,nsga3,30,-0.031524487196881015,-2.0606265538410704
main_nsga2_vs_nsga3_150profiles,STU_0130,nsga2,nsga3,30,-0.013316730466007294,-1.0994754991513769
main_nsga2_vs_nsga3_150profiles,STU_0132,nsga2,nsga3,30,-0.012080762772084978,-1.3007823648593595
main_nsga2_vs_nsga3_150profiles,STU_0134,nsga2,nsga3,30,-0.03256076395353604,-1.6209246127211931
main_nsga2_vs_nsga3_150profiles,STU_0139,nsga2,nsga3,30,-0.020029822528922835,-2.546814197002761
main_nsga2_vs_nsga3_150profiles,STU_0142,nsga2,nsga3,30,-0.03420944931699287,-2.9723255468429963
main_nsga2_vs_nsga3_150profiles,STU_0155,nsga2,nsga3,30,-0.04104370091243414,-2.9365396936284327
main_nsga2_vs_nsga3_150profiles,STU_0157,nsga2,nsga3,30,-0.02360650550490129,-3.343880863529282
main_nsga2_vs_nsga3_150profiles,STU_0170,nsga2,nsga3,30,-0.02131699112841231,-2.2389374608753765
main_nsga2_vs_nsga3_150profiles,STU_0171,nsga2,nsga3,30,-0.01407111262097434,-0.9307367635480112
main_nsga2_vs_nsga3_150profiles,STU_0175,nsga2,nsga3,30,-0.005088202549725825,-0.3225618483668773
main_nsga2_vs_nsga3_150profiles,STU_0176,nsga2,nsga3,30,-0.01363458765944437,-2.9605947999093454
main_nsga2_vs_nsga3_150profiles,STU_0178,nsga2,nsga3,30,-0.018046134336312396,-3.5193544850726886
main_nsga2_vs_nsga3_150profiles,STU_0182,nsga2,nsga3,30,-0.006675648593794455,-1.3649280644744852
main_nsga2_vs_nsga3_150profiles,STU_0187,nsga2,nsga3,30,-0.004652484629875542,-1.119789403460235
main_nsga2_vs_nsga3_150profiles,STU_0197,nsga2,nsga3,30,-0.030570585454270303,-1.9779778393338927
main_nsga2_vs_nsga3_150profiles,STU_0215,nsga2,nsga3,30,-0.03588406326495372,-2.2110341651921077
main_nsga2_vs_nsga3_150profiles,STU_0217,nsga2,nsga3,30,-0.007556893416469598,-1.1034958857344126
main_nsga2_vs_nsga3_150profiles,STU_0225,nsga2,nsga3,30,-0.022876790420532662,-1.8131739503145843
main_nsga2_vs_nsga3_150profiles,STU_0226,nsga2,nsga3,30,-0.039663777439882815,-3.0659930682219736
main_nsga2_vs_nsga3_150profiles,STU_0236,nsga2,nsga3,30,0.0022676538649706755,0.4465933991887354
main_nsga2_vs_nsga3_150profiles,STU_0241,nsga2,nsga3,30,-0.005941649409263224,-0.646446154593799
main_nsga2_vs_nsga3_150profiles,STU_0242,nsga2,nsga3,30,-0.0395635127837959,-3.366134813588059
main_nsga2_vs_nsga3_150profiles,STU_0243,nsga2,nsga3,30,-0.005532810561074782,-0.7248124419077384
main_nsga2_vs_nsga3_150profiles,STU_0244,nsga2,nsga3,30,-0.0221356990627968,-1.0543763732515428
main_nsga2_vs_nsga3_150profiles,STU_0260,nsga2,nsga3,30,-0.02909535902482904,-1.6469518852392437
main_nsga2_vs_nsga3_150profiles,STU_0265,nsga2,nsga3,30,-0.004358429999524771,-1.1021107028919703
main_nsga2_vs_nsga3_150profiles,STU_0273,nsga2,nsga3,30,-0.04121347048863875,-4.108846504513615
main_nsga2_vs_nsga3_150profiles,STU_0274,nsga2,nsga3,30,-0.007323256845022038,-1.4336073936912186
main_nsga2_vs_nsga3_150profiles,STU_0281,nsga2,nsga3,30,-0.006662953853213483,-2.3745943165098717
main_nsga2_vs_nsga3_150profiles,STU_0283,nsga2,nsga3,30,-0.007148133487722049,-1.0024114917223896
main_nsga2_vs_nsga3_150profiles,STU_0287,nsga2,nsga3,30,-0.024069499411522678,-2.9473374493825846
main_nsga2_vs_nsga3_150profiles,STU_0289,nsga2,nsga3,30,-0.008367669690928219,-2.0566764126789114
main_nsga2_vs_nsga3_150profiles,STU_0297,nsga2,nsga3,30,-0.02251706265687727,-1.9988386983108852
main_nsga2_vs_nsga3_150profiles,STU_0302,nsga2,nsga3,30,0.00545193578343007,0.8170073034640087
main_nsga2_vs_nsga3_150profiles,STU_0304,nsga2,nsga3,30,-0.011866366508688402,-1.5742771466957644
main_nsga2_vs_nsga3_150profiles,STU_0309,nsga2,nsga3,30,-0.021879493256617373,-3.5902903887170257
main_nsga2_vs_nsga3_150profiles,STU_0311,nsga2,nsga3,30,-0.00910133280779066,-2.3939466994670284
main_nsga2_vs_nsga3_150profiles,STU_0325,nsga2,nsga3,30,-0.02069389591502595,-2.1330691401958686
main_nsga2_vs_nsga3_150profiles,STU_0327,nsga2,nsga3,30,-0.01093739619313944,-0.992341896377848
main_nsga2_vs_nsga3_150profiles,STU_0328,nsga2,nsga3,30,-0.021319709146951596,-2.1390683454215234
main_nsga2_vs_nsga3_150profiles,STU_0334,nsga2,nsga3,30,-0.005642930067787318,-1.0601370636968823
main_nsga2_vs_nsga3_150profiles,STU_0346,nsga2,nsga3,30,-0.005606520044572483,-1.2023062343741138
main_nsga2_vs_nsga3_150profiles,STU_0351,nsga2,nsga3,30,-0.006143215845267754,-0.6790304479453241
main_nsga2_vs_nsga3_150profiles,STU_0354,nsga2,nsga3,30,-0.024167412517259016,-2.1310855461019207
main_nsga2_vs_nsga3_150profiles,STU_0356,nsga2,nsga3,30,-0.006877869472840503,-1.6257755391360822
main_nsga2_vs_nsga3_150profiles,STU_0359,nsga2,nsga3,30,-0.019411384282740748,-3.1151127830708463
main_nsga2_vs_nsga3_150profiles,STU_0362,nsga2,nsga3,30,-0.019713687509309054,-2.338997626189861
main_nsga2_vs_nsga3_150profiles,STU_0365,nsga2,nsga3,30,-0.010125089397676328,-0.7998104792902194
main_nsga2_vs_nsga3_150profiles,STU_0367,nsga2,nsga3,30,-0.003741308124135693,-0.5973616902663441
main_nsga2_vs_nsga3_150profiles,STU_0368,nsga2,nsga3,30,-0.028937462700669173,-2.0284688037817933
main_nsga2_vs_nsga3_150profiles,STU_0372,nsga2,nsga3,30,-0.061512998185237415,-3.3722996073881357
main_nsga2_vs_nsga3_150profiles,STU_0375,nsga2,nsga3,30,-0.07120092592717239,-2.693892795324042
main_nsga2_vs_nsga3_150profiles,STU_0379,nsga2,nsga3,30,-0.012431982563392311,-2.0291658717201613
main_nsga2_vs_nsga3_150profiles,STU_0383,nsga2,nsga3,30,-0.017459278713368654,-1.672505403351061
main_nsga2_vs_nsga3_150profiles,STU_0390,nsga2,nsga3,30,-0.02769492485099645,-1.9185493578889141
main_nsga2_vs_nsga3_150profiles,STU_0395,nsga2,nsga3,30,-0.02924239840536629,-1.5379692594724712
main_nsga2_vs_nsga3_150profiles,STU_0396,nsga2,nsga3,30,-0.010531549538775102,-0.9132436278038071
main_nsga2_vs_nsga3_150profiles,STU_0402,nsga2,nsga3,30,-0.029206689626466848,-3.17997762361289
main_nsga2_vs_nsga3_150profiles,STU_0403,nsga2,nsga3,30,0.0038150226417115814,0.7639890829666534
main_nsga2_vs_nsga3_150profiles,STU_0410,nsga2,nsga3,30,-0.0060478033578373076,-0.8721945178727288
main_nsga2_vs_nsga3_150profiles,STU_0414,nsga2,nsga3,30,-0.005866070583391192,-0.8673581112963109
main_nsga2_vs_nsga3_150profiles,STU_0422,nsga2,nsga3,30,-0.03667192604374398,-3.322098109255947
main_nsga2_vs_nsga3_150profiles,STU_0433,nsga2,nsga3,30,-0.026895861903785526,-2.274934621076446
main_nsga2_vs_nsga3_150profiles,STU_0436,nsga2,nsga3,30,-0.005126220811152157,-0.6221157185171036
main_nsga2_vs_nsga3_150profiles,STU_0442,nsga2,nsga3,30,-0.03187612966499497,-4.189045947483506
main_nsga2_vs_nsga3_150profiles,STU_0443,nsga2,nsga3,30,-0.017897794159849156,-2.370004358075591
main_nsga2_vs_nsga3_150profiles,STU_0444,nsga2,nsga3,30,-0.013675414086920705,-1.6669890507860456
main_nsga2_vs_nsga3_150profiles,STU_0455,nsga2,nsga3,30,-0.0002986636576992533,-0.031105458460449043
main_nsga2_vs_nsga3_150profiles,STU_0456,nsga2,nsga3,30,-0.021914416033307016,-2.194410602875982
main_nsga2_vs_nsga3_150profiles,STU_0460,nsga2,nsga3,30,-0.011783920976105549,-1.9536370843030613
main_nsga2_vs_nsga3_150profiles,STU_0463,nsga2,nsga3,30,-0.007264615091508545,-0.5295662355322949
main_nsga2_vs_nsga3_150profiles,STU_0466,nsga2,nsga3,30,-0.03134581236494486,-2.9936617790061866
main_nsga2_vs_nsga3_150profiles,STU_0468,nsga2,nsga3,30,-0.01085931637354433,-2.172648526737258
main_nsga2_vs_nsga3_150profiles,STU_0469,nsga2,nsga3,30,-0.01420973037206118,-2.1260782073017106
main_nsga2_vs_nsga3_150profiles,STU_0471,nsga2,nsga3,30,-0.0166256903814615,-0.8890500773309754
main_nsga2_vs_nsga3_150profiles,STU_0472,nsga2,nsga3,30,-0.011368148782597865,-1.647799863794982
main_nsga2_vs_nsga3_150profiles,STU_0484,nsga2,nsga3,30,-0.01969273132459854,-2.140925808357037
main_nsga2_vs_nsga3_150profiles,STU_0485,nsga2,nsga3,30,-0.017516824817803235,-1.901403659591383
main_nsga2_vs_nsga3_150profiles,STU_0487,nsga2,nsga3,30,-0.024003891087979325,-1.2682585129700634
main_nsga2_vs_nsga3_150profiles,STU_0488,nsga2,nsga3,30,-0.04394386168699607,-3.697731508856253
main_nsga2_vs_nsga3_150profiles,STU_0490,nsga2,nsga3,30,-0.003543517766391006,-0.8940626359749744
main_nsga2_vs_nsga3_150profiles,STU_0495,nsga2,nsga3,30,-0.02873724843039565,-3.898416477948384
main_nsga2_vs_nsga3_150profiles,STU_0497,nsga2,nsga3,30,-0.017816672463217435,-1.974521052577807
main_nsga2_vs_nsga3_150profiles,STU_0502,nsga2,nsga3,30,-0.019747239787154442,-2.3448619905081376
main_nsga2_vs_nsga3_150profiles,STU_0508,nsga2,nsga3,30,-0.020246143271228683,-1.429680024226223
main_nsga2_vs_nsga3_150profiles,STU_0510,nsga2,nsga3,30,-0.006354352419339304,-1.082699716177028
main_nsga2_vs_nsga3_150profiles,STU_0515,nsga2,nsga3,30,-0.021119865105326426,-2.184458131775968
main_nsga2_vs_nsga3_150profiles,STU_0521,nsga2,nsga3,30,-0.04920938853718866,-4.9432126042474644
main_nsga2_vs_nsga3_150profiles,STU_0522,nsga2,nsga3,30,-0.007145620688685165,-0.7016572236976041
main_nsga2_vs_nsga3_150profiles,STU_0529,nsga2,nsga3,30,0.0016212944087413029,0.3121242355635776
main_nsga2_vs_nsga3_150profiles,STU_0537,nsga2,nsga3,30,-0.07953730461342103,-2.234568331650988
main_nsga2_vs_nsga3_150profiles,STU_0541,nsga2,nsga3,30,-0.0060547189979518285,-1.1413930346450216
main_nsga2_vs_nsga3_150profiles,STU_0544,nsga2,nsga3,30,-0.016643334867440747,-1.7511636724846704
main_nsga2_vs_nsga3_150profiles,STU_0548,nsga2,nsga3,30,-0.0266730663378494,-1.559130754348547
main_nsga2_vs_nsga3_150profiles,STU_0560,nsga2,nsga3,30,-0.007879422207758502,-1.4330137711325501
main_nsga2_vs_nsga3_150profiles,STU_0569,nsga2,nsga3,30,-0.012840126074859227,-1.592526892064545
main_nsga2_vs_nsga3_150profiles,STU_0571,nsga2,nsga3,30,-0.017481267478600175,-2.035234833765017
main_nsga2_vs_nsga3_150profiles,STU_0573,nsga2,nsga3,30,-0.013857260210527033,-1.6605203757248146
main_nsga2_vs_nsga3_150profiles,STU_0574,nsga2,nsga3,30,-0.01313480349175045,-1.161003016284584
main_nsga2_vs_nsga3_150profiles,STU_0576,nsga2,nsga3,30,-0.00422839875039277,-1.3146050360784904
main_nsga2_vs_nsga3_150profiles,STU_0577,nsga2,nsga3,30,-0.015491972846919999,-1.1555704048222286
main_nsga2_vs_nsga3_150profiles,STU_0582,nsga2,nsga3,30,-0.02363162532795459,-2.017948345828539
main_nsga2_vs_nsga3_150profiles,STU_0597,nsga2,nsga3,30,-0.003160612353330435,-0.4179860093536947
main_nsga2_vs_nsga3_150profiles,STU_0598,nsga2,nsga3,30,-0.024206325886174197,-2.278723167965196
main_nsga2_vs_nsga3_150profiles,STU_0600,nsga2,nsga3,30,-0.006012202564018495,-1.1819539853388468
main_nsga2_vs_nsga3_150profiles,STU_0602,nsga2,nsga3,30,-0.01720812148213778,-2.4930791215408146
main_nsga2_vs_nsga3_150profiles,STU_0617,nsga2,nsga3,30,-0.016136739189524036,-2.4710399909903997
main_nsga2_vs_nsga3_150profiles,STU_0618,nsga2,nsga3,30,0.002536781797732938,0.48231554208961136
main_nsga2_vs_nsga3_150profiles,STU_0630,nsga2,nsga3,30,-0.03780389577033169,-2.791805929322097
main_nsga2_vs_nsga3_150profiles,STU_0632,nsga2,nsga3,30,-0.01614422785506716,-2.407394502149978
main_nsga2_vs_nsga3_150profiles,STU_0642,nsga2,nsga3,30,-0.005756527188993743,-1.0993489080477667
main_nsga2_vs_nsga3_150profiles,STU_0647,nsga2,nsga3,30,-0.0015490078188813686,-0.2537136481276531
main_nsga2_vs_nsga3_150profiles,STU_0649,nsga2,nsga3,30,-0.033334656871197826,-3.1092793188154015
main_nsga2_vs_nsga3_150profiles,STU_0660,nsga2,nsga3,30,-0.011976767846877475,-1.2645763231722058
main_nsga2_vs_nsga3_150profiles,STU_0668,nsga2,nsga3,30,-0.04600669916423198,-4.624441240771303
main_nsga2_vs_nsga3_150profiles,STU_0678,nsga2,nsga3,30,-0.007166738979694691,-1.3987583467643574
main_nsga2_vs_nsga3_150profiles,STU_0710,nsga2,nsga3,30,-0.024469681138819345,-2.881228956823251
main_nsga2_vs_nsga3_150profiles,STU_0714,nsga2,nsga3,30,-0.0026164204556615427,-0.31392024436744936
main_nsga2_vs_nsga3_150profiles,STU_0716,nsga2,nsga3,30,-0.00900424875350182,-1.6321151712808428
main_nsga2_vs_nsga3_150profiles,STU_0720,nsga2,nsga3,30,-0.02454586899519085,-2.1552581966024937
main_nsga2_vs_nsga3_150profiles,STU_0726,nsga2,nsga3,30,-0.021163710532178283,-2.9278426334101986
main_nsga2_vs_nsga3_150profiles,STU_0730,nsga2,nsga3,30,-0.008460591464551656,-1.2829695009411177
main_nsga2_vs_nsga3_150profiles,STU_0740,nsga2,nsga3,30,-0.027438542324946417,-1.585514673358138
main_nsga2_vs_nsga3_150profiles,STU_0748,nsga2,nsga3,30,-0.009062553459073837,-0.5176583574599085
main_nsga2_vs_nsga3_150profiles,STU_0749,nsga2,nsga3,30,-6.17219330883656e-05,-0.008085551703625644
extended_benchmark_30profiles,STU_0023,moead,nsga2,10,-0.7710034573056529,-6.1345100784858735
extended_benchmark_30profiles,STU_0023,moead,nsga3,10,-0.802763602652696,-6.26584189159584
extended_benchmark_30profiles,STU_0023,moead,smsemoa,5,-0.704499547508464,-4.367505300172991
extended_benchmark_30profiles,STU_0023,nsga2,nsga3,10,-0.03176014534704312,-1.8345887016455271
extended_benchmark_30profiles,STU_0023,nsga2,smsemoa,5,0.003484002091396543,0.1931510010518925
extended_benchmark_30profiles,STU_0023,nsga3,smsemoa,5,0.03176130642585036,5.771059327208632
extended_benchmark_30profiles,STU_0027,moead,nsga2,10,-0.8545487775741881,-38.24904542753555
extended_benchmark_30profiles,STU_0027,moead,nsga3,10,-0.8508122167694477,-30.712319989137747
extended_benchmark_30profiles,STU_0027,moead,smsemoa,5,-0.8468556363691275,-71.90684615894214
extended_benchmark_30profiles,STU_0027,nsga2,nsga3,10,0.003736560804740341,0.5063389633117171
extended_benchmark_30profiles,STU_0027,nsga2,smsemoa,5,0.010585538987181686,1.0826763575269103
extended_benchmark_30profiles,STU_0027,nsga3,smsemoa,5,0.005888121586958372,0.48319216963125494
extended_benchmark_30profiles,STU_0030,moead,nsga2,10,-0.7511457768930087,-23.7048280489349
extended_benchmark_30profiles,STU_0030,moead,nsga3,10,-0.8249508437873834,-45.34729740463126
extended_benchmark_30profiles,STU_0030,moead,smsemoa,5,-0.8009626082313879,-29.314075522523844
extended_benchmark_30profiles,STU_0030,nsga2,nsga3,10,-0.0738050668943748,-2.7276343068848674
extended_benchmark_30profiles,STU_0030,nsga2,smsemoa,5,-0.049775035225055754,-2.1919111475742503
extended_benchmark_30profiles,STU_0030,nsga3,smsemoa,5,0.021421663598805284,2.4195418147119105
extended_benchmark_30profiles,STU_0036,moead,nsga2,10,-0.6336716519735293,-6.82499837991644
extended_benchmark_30profiles,STU_0036,moead,nsga3,10,-0.6518551150092575,-7.049440165884648
extended_benchmark_30profiles,STU_0036,moead,smsemoa,5,-0.5277819676668327,-2.9954365550356066
extended_benchmark_30profiles,STU_0036,nsga2,nsga3,10,-0.018183463035728244,-2.6210169840491866
extended_benchmark_30profiles,STU_0036,nsga2,smsemoa,5,0.07880450961357074,1.215321792311934
extended_benchmark_30profiles,STU_0036,nsga3,smsemoa,5,0.10047363569410603,1.4764820790248023
extended_benchmark_30profiles,STU_0076,moead,nsga2,10,-0.7493922452925302,-6.5336967413581375
extended_benchmark_30profiles,STU_0076,moead,nsga3,10,-0.7848147081343096,-6.988380384481841
extended_benchmark_30profiles,STU_0076,moead,smsemoa,5,-0.611934188846341,-3.502202919884992
extended_benchmark_30profiles,STU_0076,nsga2,nsga3,10,-0.0354224628417796,-3.1588901480115474
extended_benchmark_30profiles,STU_0076,nsga2,smsemoa,5,0.1049317130701048,3.6134088684640946
extended_benchmark_30profiles,STU_0076,nsga3,smsemoa,5,0.13965540296013285,3.8966918285063508
extended_benchmark_30profiles,STU_0081,moead,nsga2,10,-0.6252636506611691,-15.404960974308151
extended_benchmark_30profiles,STU_0081,moead,nsga3,10,-0.6405875595725817,-18.211576197042927
extended_benchmark_30profiles,STU_0081,moead,smsemoa,5,-0.5701456282413725,-23.184086648408243
extended_benchmark_30profiles,STU_0081,nsga2,nsga3,10,-0.015323908911412488,-2.240511023707707
extended_benchmark_30profiles,STU_0081,nsga2,smsemoa,5,0.056569893534882974,3.897447114751268
extended_benchmark_30profiles,STU_0081,nsga3,smsemoa,5,0.07142183993356388,6.71617694949632
extended_benchmark_30profiles,STU_0127,moead,nsga2,10,-0.6245596406757795,-3.904865518560813
extended_benchmark_30profiles,STU_0127,moead,nsga3,10,-0.6756485836140331,-4.096910086312216
extended_benchmark_30profiles,STU_0127,moead,smsemoa,5,-0.7101339539729776,-4.855278466748238
extended_benchmark_30profiles,STU_0127,nsga2,nsga3,10,-0.05108894293825354,-2.5342126104337885
extended_benchmark_30profiles,STU_0127,nsga2,smsemoa,5,-0.02547026784816415,-1.1917013500014582
extended_benchmark_30profiles,STU_0127,nsga3,smsemoa,5,0.02946333676258841,2.884256997138098
extended_benchmark_30profiles,STU_0132,moead,nsga2,10,-0.8395138350108988,-27.88634725472056
extended_benchmark_30profiles,STU_0132,moead,nsga3,10,-0.8588868613936143,-32.34497176362598
extended_benchmark_30profiles,STU_0132,moead,smsemoa,5,-0.8402166831617827,-23.18502753898725
extended_benchmark_30profiles,STU_0132,nsga2,nsga3,10,-0.01937302638271553,-1.8264278421208535
extended_benchmark_30profiles,STU_0132,nsga2,smsemoa,5,-0.0012538896191313764,-0.08701126637649462
extended_benchmark_30profiles,STU_0132,nsga3,smsemoa,5,0.012048649845060511,1.5137031257300353
extended_benchmark_30profiles,STU_0171,moead,nsga2,10,-0.7202554530591029,-14.075472562927978
extended_benchmark_30profiles,STU_0171,moead,nsga3,10,-0.7346826154120152,-16.471790896238375
extended_benchmark_30profiles,STU_0171,moead,smsemoa,5,-0.682121736210715,-18.744547057765594
extended_benchmark_30profiles,STU_0171,nsga2,nsga3,10,-0.01442716235291246,-1.018363349732057
extended_benchmark_30profiles,STU_0171,nsga2,smsemoa,5,0.030541656076959977,0.5837517073229169
extended_benchmark_30profiles,STU_0171,nsga3,smsemoa,5,0.04279747233601587,1.2014276867181553
extended_benchmark_30profiles,STU_0175,moead,nsga2,10,-0.7063314611793473,-4.022203347706766
extended_benchmark_30profiles,STU_0175,moead,nsga3,10,-0.7018190271838337,-4.156749058205847
extended_benchmark_30profiles,STU_0175,moead,smsemoa,5,-0.7374328231625372,-3.8098571802062517
extended_benchmark_30profiles,STU_0175,nsga2,nsga3,10,0.004512433995513499,0.44714760694690364
extended_benchmark_30profiles,STU_0175,nsga2,smsemoa,5,0.005447963958069168,0.43903557150932376
extended_benchmark_30profiles,STU_0175,nsga3,smsemoa,5,0.0009730094702376846,0.46357657608224034
extended_benchmark_30profiles,STU_0182,moead,nsga2,10,-0.7998429005182006,-13.01106506574211
extended_benchmark_30profiles,STU_0182,moead,nsga3,10,-0.8054400815017649,-13.249589868125229
extended_benchmark_30profiles,STU_0182,moead,smsemoa,5,-0.7904142180111691,-18.333858263899767
extended_benchmark_30profiles,STU_0182,nsga2,nsga3,10,-0.005597180983564265,-1.041794238901344
extended_benchmark_30profiles,STU_0182,nsga2,smsemoa,5,0.00818969773001763,4.7382380194565155
extended_benchmark_30profiles,STU_0182,nsga3,smsemoa,5,0.015096729886415616,2.3825962218014203
extended_benchmark_30profiles,STU_0197,moead,nsga2,10,-0.6298795531567059,-2.9060724862239065
extended_benchmark_30profiles,STU_0197,moead,nsga3,10,-0.6718671601419665,-3.351772886076971
extended_benchmark_30profiles,STU_0197,moead,smsemoa,5,-0.6078083144843486,-2.6241357983810554
extended_benchmark_30profiles,STU_0197,nsga2,nsga3,10,-0.041987606985260606,-1.96669410906125
extended_benchmark_30profiles,STU_0197,nsga2,smsemoa,5,-0.025027763236387134,-0.867010029760546
extended_benchmark_30profiles,STU_0197,nsga3,smsemoa,5,0.02268304148428506,1.2524294198204216
extended_benchmark_30profiles,STU_0217,moead,nsga2,10,-0.8495629596062445,-37.04173499952211
extended_benchmark_30profiles,STU_0217,moead,nsga3,10,-0.8563605422870495,-43.595354576103475
extended_benchmark_30profiles,STU_0217,moead,smsemoa,5,-0.843426037684418,-32.0071096719182
extended_benchmark_30profiles,STU_0217,nsga2,nsga3,10,-0.006797582680805025,-0.9821644537351507
extended_benchmark_30profiles,STU_0217,nsga2,smsemoa,5,0.00466066409213961,0.6462944033694106
extended_benchmark_30profiles,STU_0217,nsga3,smsemoa,5,0.013386409762766505,3.061766493442398
extended_benchmark_30profiles,STU_0242,moead,nsga2,10,-0.743695681696191,-23.548640876417664
extended_benchmark_30profiles,STU_0242,moead,nsga3,10,-0.780517440356004,-35.226109054636616
extended_benchmark_30profiles,STU_0242,moead,smsemoa,5,-0.7416905167152443,-25.88978625883446
extended_benchmark_30profiles,STU_0242,nsga2,nsga3,10,-0.036821758659812985,-1.5454377368354983
extended_benchmark_30profiles,STU_0242,nsga2,smsemoa,5,-0.013053079741509798,-0.4223577849786702
extended_benchmark_30profiles,STU_0242,nsga3,smsemoa,5,0.028075845932835984,1.5734720603540069
extended_benchmark_30profiles,STU_0243,moead,nsga2,10,-0.6685952593523593,-29.638024542398345
extended_benchmark_30profiles,STU_0243,moead,nsga3,10,-0.6809167887261447,-30.124625854599774
extended_benchmark_30profiles,STU_0243,moead,smsemoa,5,-0.6277582995212956,-14.506498705534188
extended_benchmark_30profiles,STU_0243,nsga2,nsga3,10,-0.012321529373785422,-1.3882140711339122
extended_benchmark_30profiles,STU_0243,nsga2,smsemoa,5,0.04395482036057645,0.8572644350669636
extended_benchmark_30profiles,STU_0243,nsga3,smsemoa,5,0.05738135586954833,1.0773395552741396
extended_benchmark_30profiles,STU_0244,moead,nsga2,10,-0.6521394694371481,-13.924190874567252
extended_benchmark_30profiles,STU_0244,moead,nsga3,10,-0.6776424425787908,-22.65315283059977
extended_benchmark_30profiles,STU_0244,moead,smsemoa,5,-0.656892083200177,-27.762850478360324
extended_benchmark_30profiles,STU_0244,nsga2,nsga3,10,-0.025502973141642703,-1.1470298120863103
extended_benchmark_30profiles,STU_0244,nsga2,smsemoa,5,-0.005139093213760581,-0.2257039377795097
extended_benchmark_30profiles,STU_0244,nsga3,smsemoa,5,0.024727370960279126,1.68448090308962
extended_benchmark_30profiles,STU_0260,moead,nsga2,10,-0.7971598695509596,-31.885080591237166
extended_benchmark_30profiles,STU_0260,moead,nsga3,10,-0.8359687470162577,-24.82590212738256
extended_benchmark_30profiles,STU_0260,moead,smsemoa,5,-0.7994551018132527,-41.92715221222423
extended_benchmark_30profiles,STU_0260,nsga2,nsga3,10,-0.0388088774652981,-1.8299622553041044
extended_benchmark_30profiles,STU_0260,nsga2,smsemoa,5,0.0006613895515379164,0.07060934473075396
extended_benchmark_30profiles,STU_0260,nsga3,smsemoa,5,0.040927083562044754,4.038303069555511
extended_benchmark_30profiles,STU_0287,moead,nsga2,10,-0.6151872907200143,-21.480608274038808
extended_benchmark_30profiles,STU_0287,moead,nsga3,10,-0.6426546306896317,-23.29286298201592
extended_benchmark_30profiles,STU_0287,moead,smsemoa,5,-0.5899355169341611,-70.88185948381094
extended_benchmark_30profiles,STU_0287,nsga2,nsga3,10,-0.027467339969617355,-3.3781715118973548
extended_benchmark_30profiles,STU_0287,nsga2,smsemoa,5,0.03540442171322759,1.6621038487120097
extended_benchmark_30profiles,STU_0287,nsga3,smsemoa,5,0.06372105359312488,2.368641870723467
extended_benchmark_30profiles,STU_0302,moead,nsga2,10,-0.6125077999896004,-4.225157481249942
extended_benchmark_30profiles,STU_0302,moead,nsga3,10,-0.6068673641007065,-4.2202898371977335
extended_benchmark_30profiles,STU_0302,moead,smsemoa,5,-0.5898454939851171,-3.821960075962977
extended_benchmark_30profiles,STU_0302,nsga2,nsga3,10,0.0056404358888937686,0.4807625914318543
extended_benchmark_30profiles,STU_0302,nsga2,smsemoa,5,0.01996718857073949,1.2589465421558192
extended_benchmark_30profiles,STU_0302,nsga3,smsemoa,5,0.02046201390689022,1.3497262672204282
extended_benchmark_30profiles,STU_0346,moead,nsga2,10,-0.6319363449898788,-6.248037014928418
extended_benchmark_30profiles,STU_0346,moead,nsga3,10,-0.6249353432302404,-6.2442910020924804
extended_benchmark_30profiles,STU_0346,moead,smsemoa,5,-0.5912718940801635,-18.909387977936486
extended_benchmark_30profiles,STU_0346,nsga2,nsga3,10,0.00700100175963847,1.0862801819739503
extended_benchmark_30profiles,STU_0346,nsga2,smsemoa,5,0.007032341707265766,3.0585966837027128
extended_benchmark_30profiles,STU_0346,nsga3,smsemoa,5,-0.0013857913264218925,-0.39382361354113965
extended_benchmark_30profiles,STU_0365,moead,nsga2,10,-0.6486948630434056,-19.64840070873837
extended_benchmark_30profiles,STU_0365,moead,nsga3,10,-0.6575153386327773,-21.24567537745215
extended_benchmark_30profiles,STU_0365,moead,smsemoa,5,-0.6235347223961905,-12.366948588634218
extended_benchmark_30profiles,STU_0365,nsga2,nsga3,10,-0.008820475589371735,-0.9046594298480499
extended_benchmark_30profiles,STU_0365,nsga2,smsemoa,5,0.025630337166768234,1.1000250672772993
extended_benchmark_30profiles,STU_0365,nsga3,smsemoa,5,0.03594369564207291,1.866973894833461
extended_benchmark_30profiles,STU_0368,moead,nsga2,10,-0.5127507280475335,-4.881715453299416
extended_benchmark_30profiles,STU_0368,moead,nsga3,10,-0.5428312782498566,-5.71834383866454
extended_benchmark_30profiles,STU_0368,moead,smsemoa,5,-0.4806100009899875,-3.9052508336507104
extended_benchmark_30profiles,STU_0368,nsga2,nsga3,10,-0.030080550202323066,-1.5883911690684316
extended_benchmark_30profiles,STU_0368,nsga2,smsemoa,5,0.025029505729002467,0.9093108216499413
extended_benchmark_30profiles,STU_0368,nsga3,smsemoa,5,0.06197915754875185,3.8277291944203142
extended_benchmark_30profiles,STU_0390,moead,nsga2,10,-0.5487035501175759,-3.461923913513211
extended_benchmark_30profiles,STU_0390,moead,nsga3,10,-0.5719997276716289,-3.905254084577227
extended_benchmark_30profiles,STU_0390,moead,smsemoa,5,-0.5325989011916507,-3.279129055513922
extended_benchmark_30profiles,STU_0390,nsga2,nsga3,10,-0.023296177554053075,-1.1638283910430505
extended_benchmark_30profiles,STU_0390,nsga2,smsemoa,5,0.020833820560222892,0.8904675630783011
extended_benchmark_30profiles,STU_0390,nsga3,smsemoa,5,0.04381102298343864,2.4329050516447164
extended_benchmark_30profiles,STU_0433,moead,nsga2,10,-0.5581526294959264,-2.8389250613967323
extended_benchmark_30profiles,STU_0433,moead,nsga3,10,-0.59852339178742,-3.01914706710771
extended_benchmark_30profiles,STU_0433,moead,smsemoa,5,-0.49555119702695044,-2.0791407917587605
extended_benchmark_30profiles,STU_0433,nsga2,nsga3,10,-0.04037076229149369,-2.254202619749852
extended_benchmark_30profiles,STU_0433,nsga2,smsemoa,5,0.06684099262563273,0.7205664130424931
extended_benchmark_30profiles,STU_0433,nsga3,smsemoa,5,0.1083073315638408,1.2293724455750072
extended_benchmark_30profiles,STU_0436,moead,nsga2,10,-0.603292586856153,-16.433001738766887
extended_benchmark_30profiles,STU_0436,moead,nsga3,10,-0.6129762855954948,-16.07973019842217
extended_benchmark_30profiles,STU_0436,moead,smsemoa,5,-0.55381702757567,-12.400719809752609
extended_benchmark_30profiles,STU_0436,nsga2,nsga3,10,-0.009683698739341962,-0.9492938230498649
extended_benchmark_30profiles,STU_0436,nsga2,smsemoa,5,0.04157534633917277,3.554033250284624
extended_benchmark_30profiles,STU_0436,nsga3,smsemoa,5,0.04911502546343638,4.108795732867726
extended_benchmark_30profiles,STU_0522,moead,nsga2,10,-0.7272525472496388,-5.816474315109156
extended_benchmark_30profiles,STU_0522,moead,nsga3,10,-0.7421947291118801,-5.623663247046198
extended_benchmark_30profiles,STU_0522,moead,smsemoa,5,-0.6971595857123069,-3.7612410795653464
extended_benchmark_30profiles,STU_0522,nsga2,nsga3,10,-0.014942181862241355,-1.344031753052929
extended_benchmark_30profiles,STU_0522,nsga2,smsemoa,5,-0.005828028026370391,-0.5057414569512672
extended_benchmark_30profiles,STU_0522,nsga3,smsemoa,5,0.007015597851284472,1.5147822047042108
extended_benchmark_30profiles,STU_0597,moead,nsga2,10,-0.6935719012232056,-3.819703309095773
extended_benchmark_30profiles,STU_0597,moead,nsga3,10,-0.6838459120211959,-3.756539004167772
extended_benchmark_30profiles,STU_0597,moead,smsemoa,5,-0.720777742357665,-3.4232085960533176
extended_benchmark_30profiles,STU_0597,nsga2,nsga3,10,0.009725989202009589,1.3579361382878092
extended_benchmark_30profiles,STU_0597,nsga2,smsemoa,5,0.009827036171072723,2.0007751680289347
extended_benchmark_30profiles,STU_0597,nsga3,smsemoa,5,-0.0013862913489711471,-0.21678147572058568
extended_benchmark_30profiles,STU_0598,moead,nsga2,10,-0.6232002585460307,-3.8947459502678337
extended_benchmark_30profiles,STU_0598,moead,nsga3,10,-0.6357924585339679,-4.00298038517718
extended_benchmark_30profiles,STU_0598,moead,smsemoa,5,-0.5915538082688769,-4.072128523587795
extended_benchmark_30profiles,STU_0598,nsga2,nsga3,10,-0.012592199987937525,-1.1401881840859183
extended_benchmark_30profiles,STU_0598,nsga2,smsemoa,5,0.002585174492221465,0.29111182461264506
extended_benchmark_30profiles,STU_0598,nsga3,smsemoa,5,0.008712034230024156,1.1742829118474607
extended_benchmark_30profiles,STU_0618,moead,nsga2,10,-0.5977255827779302,-3.168944948585651
extended_benchmark_30profiles,STU_0618,moead,nsga3,10,-0.5932860474911702,-3.1361612468380473
extended_benchmark_30profiles,STU_0618,moead,smsemoa,5,-0.6035910159117863,-3.390018464056416
extended_benchmark_30profiles,STU_0618,nsga2,nsga3,10,0.004439535286759921,1.1630793079393402
extended_benchmark_30profiles,STU_0618,nsga2,smsemoa,5,0.026509627920508705,1.3338675623382927
extended_benchmark_30profiles,STU_0618,nsga3,smsemoa,5,0.02352576109782023,1.2879945444648915
extended_benchmark_30profiles,STU_0716,moead,nsga2,10,-0.45033817725632563,-3.5299996617617877
extended_benchmark_30profiles,STU_0716,moead,nsga3,10,-0.44209900763164,-3.4380232310638115
extended_benchmark_30profiles,STU_0716,moead,smsemoa,5,-0.46420352670742276,-2.6236641018364746
extended_benchmark_30profiles,STU_0716,nsga2,nsga3,10,0.008239169624685561,1.2528651937712227
extended_benchmark_30profiles,STU_0716,nsga2,smsemoa,5,0.022488818156878643,2.1717175052124382
extended_benchmark_30profiles,STU_0716,nsga3,smsemoa,5,0.012718117048263844,1.5935738827603656
representative_curves_10profiles,STU_0036,nsga2,nsga3,30,-0.02267263584095327,-4.313423693759447
representative_curves_10profiles,STU_0047,nsga2,nsga3,30,-0.03731850109796772,-3.4260857231101958
representative_curves_10profiles,STU_0073,nsga2,nsga3,30,-0.009146384506028655,-1.1636648655388742
representative_curves_10profiles,STU_0081,nsga2,nsga3,30,-0.017128717368531873,-2.2633017118497945
representative_curves_10profiles,STU_0118,nsga2,nsga3,30,-0.011534100544187745,-1.5512299258294624
representative_curves_10profiles,STU_0215,nsga2,nsga3,30,-0.03460654085793686,-2.2508521546691416
representative_curves_10profiles,STU_0236,nsga2,nsga3,30,0.0024385400800923623,0.41756772824715666
representative_curves_10profiles,STU_0456,nsga2,nsga3,30,-0.02036847117106135,-1.6401510573669666
representative_curves_10profiles,STU_0495,nsga2,nsga3,30,-0.029830033017295476,-4.229597466976871
representative_curves_10profiles,STU_0600,nsga2,nsga3,30,-0.007678015924332131,-1.2617497740517245
