x0,x1,x2,x3,x4,obj_1,obj_2,obj_3,obj_4,constraint_violation,feasible,profile_id,algorithm,seed,runtime_sec
0.47241884243304905,0.8732146282708045,1.6232481481785136e-06,8.720316908755075e-07,2.1414456813752605e-07,16.427865932783586,0.28423702224100234,4.177263775804811e-07,0.3335239557895656,0.0,True,STU_0497,nsga2,3,45.550105625065044
0.4636880607182231,0.7038256934808282,3.000678291458438e-07,5.086438948028101e-06,7.147807721259421e-05,17.129411796810974,0.2640999787425153,2.731893114877817e-05,0.3424265132685781,0.0,True,STU_0497,nsga2,3,45.550105625065044
0.3893691909134149,0.5120904254172662,6.089893230589176e-05,5.610175399443039e-06,0.7908022021427223,10.056287188928957,0.5147642208908679,0.20468023742421432,0.661086261384023,0.0,True,STU_0497,nsga2,3,45.550105625065044
0.00032221750706844666,0.17907442425130832,0.4719090191099411,0.07225528256327965,0.0010533479285659833,17.261066537862767,3.4569184893278275,0.1629609083656187,0.13899252145417162,0.0,True,STU_0497,nsga2,3,45.550105625065044
6.927208381586939e-07,1.3963346201184557e-05,2.92783993745266e-08,0.9159850232879333,1.8525047123076413e-07,15.300050768342773,4.963926395196401,0.10219843690400944,0.0,0.0,True,STU_0497,nsga2,3,45.550105625065044
0.00012596960811575174,3.840694510229281e-05,0.49383321637307387,0.4484006358247832,0.27073154047011216,15.678923034441336,3.8002671195170676,0.23061539346409599,0.13909754617504855,0.0,True,STU_0497,nsga2,3,45.550105625065044
3.130528987347475e-05,0.4649560711705316,6.0200601605543e-07,4.000449689476218e-05,0.4639165014244908,8.763095393505004,0.6277556082703911,0.2187425192001949,0.448846190733978,0.0,True,STU_0497,nsga2,3,45.550105625065044
4.823702690225063e-05,0.7406444161199631,3.510451703748693e-06,0.24656173053745756,0.0006533092875218842,10.61607051436609,1.5678374743933015,0.02579743835484603,0.14996401596256348,0.0,True,STU_0497,nsga2,3,45.550105625065044
0.002278994492635914,0.6192292518292197,0.6326032016887088,0.00460421393801965,1.2089491072199464e-06,14.28479443240067,2.434924654610415,0.11777643688284728,0.147998018592028,0.0,True,STU_0497,nsga2,3,45.550105625065044
0.00012584401166691264,0.5825526598337423,0.6044807116036398,0.10804977777800896,0.0025403080614463526,13.9263953265446,2.651682902988652,0.11817539512305401,0.14729131126421813,0.0,True,STU_0497,nsga2,3,45.550105625065044
0.0015418318669391264,0.6192260315649848,0.6194664022510536,0.4274780607803247,0.0001963476387609722,13.327083103589475,3.061705686000632,0.11300475413909802,0.14571484771811505,0.0,True,STU_0497,nsga2,3,45.550105625065044
0.3207444587349381,0.32861011567019077,0.00046779271597924044,0.00014427974307237932,0.26435718678562153,12.388984646639726,0.39683402090887476,0.12677397800907916,0.5208767585078304,0.0,True,STU_0497,nsga2,3,45.550105625065044
0.0032054754598770715,0.4652453158093963,7.658333711847693e-06,4.470754396109184e-05,0.4654486274159587,8.782703694613783,0.6259249433559065,0.21829055875871742,0.5741481524909603,0.0,True,STU_0497,nsga2,3,45.550105625065044
1.969003929606542e-05,0.4969573068134123,0.5042249778359003,0.8304797726757425,5.3890203993765904e-08,12.679475732840812,3.5752248749991495,0.1106425859857478,0.14594723783521424,0.0,True,STU_0497,nsga2,3,45.550105625065044
3.43473501225178e-05,3.840694510229281e-05,0.009854643974402028,0.4496634450012054,0.146368867161851,15.175532296904807,3.9523761207114267,0.18543677210519302,0.12185333460070746,0.0,True,STU_0497,nsga2,3,45.550105625065044
0.11755330604110607,0.4398677332649165,9.258002197154986e-07,4.115097432659997e-06,0.4632051037290152,9.546661444727631,0.5598526199501052,0.1987833366813703,0.6246120926163059,0.0,True,STU_0497,nsga2,3,45.550105625065044
9.507579104662386e-07,0.009542382134625105,2.92783993745266e-08,0.24875582940432073,0.00040126282219644926,15.412995148362462,4.790605042219195,0.09895075669774253,0.0,0.0,True,STU_0497,nsga2,3,45.550105625065044
0.3550418509407748,0.452053679924328,9.764320331805929e-05,5.6197207291599985e-06,0.1022976463185988,15.049090232566742,0.3101646455347915,0.049290740346371084,0.42616744648536475,0.0,True,STU_0497,nsga2,3,45.550105625065044
0.0021563184442472253,0.7406444161199631,3.510451703748693e-06,0.23592874885093196,0.024898538073085588,10.536405206838612,1.5104397737817559,0.0348915879340772,0.16005360677549507,0.0,True,STU_0497,nsga2,3,45.550105625065044
0.002245647542302316,0.6079467949210099,0.6326032016887088,0.06291603084237768,0.0012155942438307366,14.08027773336605,2.5635640524052365,0.11839875116812269,0.14425509235634615,0.0,True,STU_0497,nsga2,3,45.550105625065044
0.029284000123016442,0.4831770812642826,5.955166696323489e-08,9.129999209521758e-06,0.4836082297494333,8.963037559701423,0.6094652499478667,0.21265527915843652,0.5880245150032356,0.0,True,STU_0497,nsga2,3,45.550105625065044
0.0009313034998008202,0.1998564822554103,0.35682543227655555,0.2739540176259494,0.00805080167769838,16.79638184219347,3.5932084321586197,0.13682265936137222,0.11209721510771409,0.0,True,STU_0497,nsga2,3,45.550105625065044
2.6062796223106526e-05,0.6370480124451716,0.009977502267823613,0.15943817023958734,0.015634330148886648,10.788134396193506,1.370793320717383,0.030984571329671893,0.16338931923905964,0.0,True,STU_0497,nsga2,3,45.550105625065044
0.0005500650296232857,1.3963346201184557e-05,0.014385238221695934,0.8794209658993422,0.062347879389033495,15.2821479925863,4.6820842049697875,0.12599906287785906,0.006242335343902172,0.0,True,STU_0497,nsga2,3,45.550105625065044
0.0005651816611666905,0.009264658171800166,0.49383321637307387,0.4563367337287241,0.26728787920378405,15.703945070422497,3.789525179149077,0.22738690499429998,0.1394080865452052,0.0,True,STU_0497,nsga2,3,45.550105625065044
0.00032343590072440474,0.1963074263227074,0.019531783348936432,0.003441687054259568,0.01622521259838566,11.335809072074184,0.856051059941828,0.05097329138246915,0.23541888342474537,0.0,True,STU_0497,nsga2,3,45.550105625065044
0.11338651083476986,0.4464300484802304,1.0295475972464576e-06,1.8671938233863263e-05,0.12810411202069552,11.943509130544964,0.4366242947922699,0.08156484494336835,0.4177160580066922,0.0,True,STU_0497,nsga2,3,45.550105625065044
0.28688292448345376,0.6393419674013698,0.0006470448299533867,2.280697106425861e-05,0.07392240879819592,14.399263389741703,0.3431376175582095,0.03250493411067768,0.37757678529910554,0.0,True,STU_0497,nsga2,3,45.550105625065044
0.00013062300800617142,3.840694510229281e-05,0.49383321637307387,0.4563367337287241,0.2604174933697271,15.685469291815037,3.833288774939921,0.2280061446600641,0.1344238477809122,0.0,True,STU_0497,nsga2,3,45.550105625065044
0.0016413229732946339,0.17354671656217197,0.47102596725781726,0.826359171126522,0.0005200689369304007,16.14056172743278,4.2370565105749725,0.1321799308023498,0.05365352114012889,0.0,True,STU_0497,nsga2,3,45.550105625065044
0.2643416801248564,0.5057751946593592,0.0002554350150084263,2.711460953329272e-05,0.6656930099270788,9.834339523822793,0.5341254672227181,0.20307605005630192,0.6556591705702894,0.0,True,STU_0497,nsga2,3,45.550105625065044
0.00015226279552715133,0.5133416153187949,0.00014734048416928944,0.08915150893162038,0.028527978066017375,10.981912514965995,1.0951035470645778,0.03427886516472564,0.21881482641772154,0.0,True,STU_0497,nsga2,3,45.550105625065044
0.007394276906878787,0.634027688241206,0.0040648377522734995,0.04740343744062565,0.46117457644894955,9.141033021094149,0.7866760174613202,0.18004936886298412,0.4204396641543132,0.0,True,STU_0497,nsga2,3,45.550105625065044
0.03146300202084229,0.11911538251888737,0.34003046432562856,0.5982147411219569,0.007752659041377501,16.292289149689218,4.119533433495831,0.13128528708949566,0.07754749441146414,0.0,True,STU_0497,nsga2,3,45.550105625065044
0.4564426136870807,0.31825326179322516,0.00035678727674965733,0.00010936689910242734,0.45501521406870354,11.745539651031681,0.41743658961892266,0.1620832994465832,0.5566272878739509,0.0,True,STU_0497,nsga2,3,45.550105625065044
0.04987783867341439,0.4580407722679283,4.5881806972735816e-05,2.5324644774811847e-06,0.4949896330418507,9.007609131616503,0.6037538219750613,0.21617727375938198,0.6040760575830839,0.0,True,STU_0497,nsga2,3,45.550105625065044
0.009505319572226195,0.5499739338737258,0.0013361077845442139,0.004461906745812025,0.10755541950399605,11.04507318110261,0.5303353387035301,0.07115795097580374,0.3206675893765172,0.0,True,STU_0497,nsga2,3,45.550105625065044
9.448085452561995e-05,0.7037704868210409,0.0005356693678425336,0.01590870075288288,0.0005437891278649013,12.309457583365509,0.5410437757982476,0.002759481987357406,0.19685380439187594,0.0,True,STU_0497,nsga2,3,45.550105625065044
0.00012829133110979068,1.3963346201184557e-05,1.2339792588036914e-07,0.9619307613955776,0.062347879389033495,15.263939285718617,4.710960135858871,0.12262314175531974,0.003445326492136913,0.0,True,STU_0497,nsga2,3,45.550105625065044
0.007465964099155394,0.5382012469813723,0.024665953226282955,5.759240134186553e-06,0.10757594716045513,10.937689241179955,0.636881890678758,0.07800510419412977,0.3132252718902837,0.0,True,STU_0497,nsga2,3,45.550105625065044
0.00021915827621146744,0.1660807744372078,0.460011092350222,0.07970835797904334,0.0010448245431631893,17.198945814365494,3.513285603486474,0.16414692932152689,0.1372562927558999,0.0,True,STU_0497,nsga2,3,45.550105625065044
0.07089196001013034,0.7027199002879183,4.331293512228594e-05,4.1646141040888415e-05,0.5897911188930782,9.370342681409504,0.579690479871415,0.18947207156135706,0.4591481976267706,0.0,True,STU_0497,nsga2,3,45.550105625065044
0.00022085022607277202,0.5246871055160968,0.0003032494335403202,0.08114917663334732,0.1745211987193307,9.886712991157982,0.994586437920959,0.1086010633024363,0.3253137619602977,0.0,True,STU_0497,nsga2,3,45.550105625065044
0.0002638939157549428,0.17907442425130832,0.4719090191099411,0.9764278126133076,0.0010558923836090197,16.058987418475784,4.293678255917213,0.12923640841480474,0.04172194162214937,0.0,True,STU_0497,nsga2,3,45.550105625065044
0.006046597941721394,0.6425711862223189,0.0006028465870012044,0.15078684676154747,8.397264119979018e-05,11.075565567388315,1.2906789727270747,0.019482798767069574,0.168683354097241,0.0,True,STU_0497,nsga2,3,45.550105625065044
2.59489561992517e-05,0.055087834180224005,0.0014753066587711425,0.010451270533450551,0.008837540207821272,10.37396196597752,1.182109595865951,0.0696328451061196,0.24161721487344767,0.0,True,STU_0497,nsga2,3,45.550105625065044
0.41487136200901986,0.4649560711705316,5.873593296364869e-07,2.0190669225912522e-06,0.4829561088694123,11.405797786939893,0.43919456455884054,0.15522253398103755,0.6381934147526203,0.0,True,STU_0497,nsga2,3,45.550105625065044
0.08670295468777582,0.4650105700742592,4.5881806972735816e-05,1.3200747883206542e-05,0.4949896330418507,9.275716081530454,0.5814545280941578,0.20713158921797403,0.6188946520957455,0.0,True,STU_0497,nsga2,3,45.550105625065044
0.268476977542656,0.5770960144879295,1.6232481481785136e-06,2.764464243715442e-05,0.6420004792068975,10.031793825750851,0.5228626995088219,0.18902856721725694,0.6431241192451808,0.0,True,STU_0497,nsga2,3,45.550105625065044
2.2459311278734406e-05,0.4649560711705316,1.2239129591399262e-06,2.6809502907755486e-07,0.4639165014244908,8.763105855496287,0.6275786024511293,0.2187495977195145,0.4488519458686202,0.0,True,STU_0497,nsga2,3,45.550105625065044
0.21226997569216627,0.46861732940252326,7.835586766447299e-05,8.813968395467858e-07,0.03364381013407855,14.918610134824235,0.3262045429161403,0.0206467521729735,0.35871837963018416,0.0,True,STU_0497,nsga2,3,45.550105625065044
0.07089196001013034,0.7027199002879183,4.331293512228594e-05,4.1646141040888415e-05,0.1339964011591919,11.656485398293281,0.46022511412869244,0.0646747122452752,0.34971305295930744,0.0,True,STU_0497,nsga2,3,45.550105625065044
0.5145000799619396,0.48205068638307663,2.1549266081881568e-07,1.0830242652466679e-05,0.4952703137081751,11.912218324391203,0.41299949481937903,0.14541150498378475,0.5451616117312192,0.0,True,STU_0497,nsga2,3,45.550105625065044
6.927208381586939e-07,0.01127701398903494,0.05177768319520584,0.08935771427871275,1.8525047123076413e-07,15.999583232387533,4.430699135023756,0.13927726651780323,0.02966302825371525,0.0,True,STU_0497,nsga2,3,45.550105625065044
0.04322757448675434,0.4904538293188239,1.780556350650342e-05,9.413572123480732e-07,0.4952703137081751,9.041681838946664,0.6023831280089013,0.21082495609798693,0.5952754271660012,0.0,True,STU_0497,nsga2,3,45.550105625065044
0.0008851748654568458,0.6173714359052723,0.6194664022510536,0.6162876674900576,0.003938302660841495,13.059681914852,3.2542031687747004,0.11271403555504136,0.14077527540118462,0.0,True,STU_0497,nsga2,3,45.550105625065044
0.0024956446258118927,0.6230711917236283,0.6340772011802296,0.04017894697300719,0.0009994762586462151,14.171541729064753,2.498748972865272,0.11735997630935825,0.14493798436157468,0.0,True,STU_0497,nsga2,3,45.550105625065044
0.0650623792140764,0.4542186537250311,4.41337508290108e-06,0.00010845929339965091,0.4949896330418507,9.102519794719962,0.5956415830902865,0.21374319132308495,0.6124203901021792,0.0,True,STU_0497,nsga2,3,45.550105625065044
3.43473501225178e-05,3.840694510229281e-05,0.009854643974402028,0.4496634450012054,0.06464587222743229,15.248827508565952,4.441054775715485,0.14606481897091073,0.046228316315298446,0.0,True,STU_0497,nsga2,3,45.550105625065044
8.655415003779238e-05,0.5867078198926918,0.0001134512365400638,0.17416755924138708,0.004234578562919804,10.720847964414167,1.4706523517627608,0.025716602583592776,0.1482256671916501,0.0,True,STU_0497,nsga2,3,45.550105625065044
0.029101044910993412,0.41522745036607733,9.248062993612351e-06,3.5057854323731096e-07,0.006735864878833875,12.91422685974107,0.4154953074053188,0.00654550087848789,0.23915890420766872,0.0,True,STU_0497,nsga2,3,45.550105625065044
0.02345641331497397,0.045768028506812206,1.2127615980238172e-06,2.124158284633735e-05,0.0049658497271523345,14.843355648367268,0.3263217125902273,0.029341272111089906,0.38119600667580944,0.0,True,STU_0497,nsga2,3,45.550105625065044
0.0024832774868737157,0.1526497034476236,0.35734896715331566,0.3018343983751602,0.007244737528896787,16.604771103478335,3.8174620953815026,0.14301722850321308,0.10628499858057583,0.0,True,STU_0497,nsga2,3,45.550105625065044
0.07431915396597717,0.45505956017818944,1.0295475972464576e-06,7.894619503219681e-06,0.12810411202069552,11.477721025607625,0.46251182239521776,0.0853404599664813,0.3978234346745191,0.0,True,STU_0497,nsga2,3,45.550105625065044
0.00016896434162512122,0.6294637455248262,0.47336299192975084,0.8302524336674795,0.0010280735956026059,12.863613225175783,3.3455659685937733,0.10126769328654683,0.14801131359389097,0.0,True,STU_0497,nsga2,3,45.550105625065044
0.1210843034386383,0.5187899338201316,5.822471916530284e-08,9.730509581037555e-06,0.47856158175290486,9.676255729737495,0.5530447732499031,0.18741276233323403,0.48500424499156014,0.0,True,STU_0497,nsga2,3,45.550105625065044
0.0003090303847600843,0.08212458523386124,0.00310365298612901,0.0021648783327603413,0.042757279723244446,9.616278163840684,0.7302605782942804,0.15080514245328386,0.3909814995634192,0.0,True,STU_0497,nsga2,3,45.550105625065044
0.0024231254486908817,0.21379380042495807,0.35734896715331566,0.33991674788068477,0.0008122829309384788,16.738867440212623,3.660570492582729,0.1296868080447799,0.10220033088744884,0.0,True,STU_0497,nsga2,3,45.550105625065044
0.03146300202084229,0.2353776765033248,0.34003046432562856,0.601895510877468,0.011780316041206156,16.557269112015447,3.7605023584765607,0.11970421435883577,0.1397028718593274,0.0,True,STU_0497,nsga2,3,45.550105625065044
0.03404333289522487,0.6719992775003552,1.2487165965234385e-06,1.0199679273439719e-05,0.45888034370864744,9.496242534019562,0.5747725809375742,0.17253411369812255,0.4415017670726761,0.0,True,STU_0497,nsga2,3,45.550105625065044
5.0729442130230276e-05,0.011357179737804146,0.019339757292075904,0.9619307613955776,0.011473165410815358,15.35154508575835,4.853935774138266,0.10740642975616112,0.0,0.0,True,STU_0497,nsga2,3,45.550105625065044
0.0019385181114864776,0.5243078058112007,0.017005768917504445,0.10187908275432989,0.02446674831807226,10.89223784625669,1.2393465352644244,0.03748671365835025,0.19032441895651586,0.0,True,STU_0497,nsga2,3,45.550105625065044
0.0005460366630116011,0.009215418573950595,0.00020405386974467303,0.09093409573323355,0.013851099443634487,15.50693252382513,4.075370363340744,0.13427292861004408,0.11526316241030465,0.0,True,STU_0497,nsga2,3,45.550105625065044
0.11755330604110607,0.4650105700742592,4.5881806972735816e-05,1.3200747883206542e-05,0.4949896330418507,9.48250886676194,0.5648084006958222,0.20120173803314714,0.6244128234191446,0.0,True,STU_0497,nsga2,3,45.550105625065044
0.0010327083288527014,0.5831866318762393,0.6727958322465128,0.6140364047560459,0.0018232013359879254,13.012155594460403,3.3381029656901657,0.11784994474411581,0.14722329415348223,0.0,True,STU_0497,nsga2,3,45.550105625065044
3.631972630684663e-05,0.5040550761252331,0.0010104531535408967,0.10501281850801031,0.09654648675423998,10.225513070534774,1.1680590362366694,0.07536244603930244,0.2601082518137985,0.0,True,STU_0497,nsga2,3,45.550105625065044
0.00032221750706844666,0.17679798645109412,0.42828554667321705,0.8992098833922693,0.0010533479285659833,16.079237056569518,4.262468954230985,0.12778912396056236,0.047631497609452844,0.0,True,STU_0497,nsga2,3,45.550105625065044
0.001077322876772425,0.16285512488141385,0.43304592795519775,0.14137276938587906,0.013887406386981379,16.965603418139317,3.5642954944783276,0.16177116894452878,0.1358711449046044,0.0,True,STU_0497,nsga2,3,45.550105625065044
0.031715879175616815,0.00512130755171597,1.2339792588036914e-07,0.8968670193975157,0.062347879389033495,15.470303445518397,4.5231235304325415,0.11943973249208657,0.04421234610436853,0.0,True,STU_0497,nsga2,3,45.550105625065044
0.0005478847411611518,0.6370480124451716,0.010258507960588628,0.09668670292099757,0.015606039058589843,11.23621739522125,1.074359863402319,0.0251440970054721,0.20599717629473813,0.0,True,STU_0497,nsga2,3,45.550105625065044
0.0016413229732946339,0.19702427033899717,0.47102596725781726,0.826359171126522,0.05559533560793781,16.12352370251515,4.058201268670391,0.1410349530398923,0.08477761882003843,0.0,True,STU_0497,nsga2,3,45.550105625065044
0.001077322876772425,0.16285512488141385,0.43304592795519775,0.13140231118302315,0.013887406386981379,16.993165731427673,3.545494073004154,0.1625713540197479,0.13714427115012184,0.0,True,STU_0497,nsga2,3,45.550105625065044
0.0014464112617360106,0.5933893905953245,0.6036168918542956,0.42778335704973336,0.0013787122945922124,13.29188358255055,3.089422923105716,0.11386492996951109,0.14671369625392794,0.0,True,STU_0497,nsga2,3,45.550105625065044
0.0012285085014300807,0.05618886511705734,0.2295987164010912,0.1794436851519463,0.05284238836599818,16.222704773498172,3.7824134550104263,0.1831657511884371,0.13058633495480942,0.0,True,STU_0497,nsga2,3,45.550105625065044
0.03207136957685089,0.7027199002879183,4.331293512228594e-05,4.196030973084331e-05,0.5887584750865149,9.168943360314358,0.5965075238536678,0.19483514321391138,0.4493354594118275,0.0,True,STU_0497,nsga2,3,45.550105625065044
0.21595706333913078,0.5443331696180911,5.822471916530284e-08,9.881364201518501e-06,0.47856158175290486,10.318296860684312,0.5083207883888337,0.16919643822815952,0.5098165460982591,0.0,True,STU_0497,nsga2,3,45.550105625065044
0.001615505865589946,0.5722820469260382,0.36588546674092115,0.880658696727027,0.009066417261956145,12.731769075643765,3.406511422383806,0.09808387910881412,0.14787606018725008,0.0,True,STU_0497,nsga2,3,45.550105625065044
0.006442892797151593,0.6223668534447818,0.011335840202160719,5.610175399443039e-06,0.030557704352288384,12.035482297063691,0.517749935001984,0.023904409370776213,0.23646488223898376,0.0,True,STU_0497,nsga2,3,45.550105625065044
0.0023242251837703727,0.6082118049275498,0.04678088587588697,0.06291603084237768,0.10743798244436051,10.534988545176251,1.0528985511273006,0.07782787497421877,0.2537173519525796,0.0,True,STU_0497,nsga2,3,45.550105625065044
0.001657166666093968,0.01589861619805279,0.0004131765493732842,0.19635956252263942,0.001395014985758912,15.578351345954681,4.564373242925895,0.09630605075342095,0.0341151107126888,0.0,True,STU_0497,nsga2,3,45.550105625065044
0.0016413229732946339,0.5722820469260382,0.4633081846820072,0.8302087213148976,0.0005200689369304007,12.79181156957973,3.4270163733066386,0.10348394921185512,0.14523101979861974,0.0,True,STU_0497,nsga2,3,45.550105625065044
0.0019385181114864776,0.24825900230495623,7.306198076867917e-05,0.07035331335687839,0.00945349784673423,10.669500812569856,1.4118521621385234,0.03437923402404677,0.17040667560831657,0.0,True,STU_0497,nsga2,3,45.550105625065044
0.0003090303847600843,0.08212458523386124,0.002921969629202631,0.0022953305935598106,0.05259914179532187,9.334943454527323,0.7355995173553794,0.1708061971742461,0.4087390990473485,0.0,True,STU_0497,nsga2,3,45.550105625065044
5.88353760761975e-05,0.562648652399834,0.008971454271998747,0.08114917663334732,0.1253129572477789,10.279389078195974,1.0165450592256626,0.08388742718209523,0.2890040458548937,0.0,True,STU_0497,nsga2,3,45.550105625065044
0.008019340595027308,0.3689607531373499,3.6789852532851785e-05,0.0013313626096726969,0.060828181746172896,11.289089360998455,0.49662946584137224,0.060994628283414024,0.3095280127501794,0.0,True,STU_0497,nsga2,3,45.550105625065044
0.0002703273238213338,0.8318879857006443,0.024665953226282955,0.0017192456044013704,0.4600761261166354,9.5684296492482,0.6499951647008236,0.15732437985877673,0.4062875938563082,0.0,True,STU_0497,nsga2,3,45.550105625065044
0.002003900587707278,0.6154197465914089,0.6326032016887088,0.5015584029648682,1.2089491072199464e-06,13.211573059103065,3.157190864954324,0.1136317907643357,0.14573581010411552,0.0,True,STU_0497,nsga2,3,45.550105625065044
0.006046597941721394,0.6802004757489619,0.0006028465870012044,0.15078684676154747,0.08861406068889602,10.479815953787575,1.210822172783917,0.05869274029890206,0.23772055821289872,0.0,True,STU_0497,nsga2,3,45.550105625065044
2.6813166943473052e-05,0.05810470911497914,0.3083799076995811,0.48211532406493607,0.055851254412096346,15.921609312666236,4.217944800099682,0.1611676355061312,0.06520174158225922,0.0,True,STU_0497,nsga2,3,45.550105625065044
0.28688292448345376,0.5825705774893606,0.0006470448299533867,2.280697106425861e-05,0.07392240879819592,14.530885455932843,0.33743294781114924,0.03445965957169119,0.3867390264005779,0.0,True,STU_0497,nsga2,3,45.550105625065044
0.2753092414257847,0.4464300484802304,1.0295475972464576e-06,1.8671938233863263e-05,0.12810411202069552,13.761072660478222,0.35343513436013196,0.06602445689683391,0.4429353217481016,0.0,True,STU_0497,nsga2,3,45.550105625065044
3.43473501225178e-05,3.840694510229281e-05,0.00015672396974787152,0.47077881311336145,0.146368867161851,15.15936584807522,3.9802581830629213,0.18183336989961282,0.11798393441794885,0.0,True,STU_0497,nsga2,3,45.550105625065044
0.0004932512653340413,0.04736199096657534,0.008328830806615284,0.0005495124513872351,0.0049658497271523345,11.09642254033007,1.0374923092365183,0.06769619875377149,0.21099404351720807,0.0,True,STU_0497,nsga2,3,45.550105625065044
2.6062796223106526e-05,0.16686159035541726,0.0031650885814999722,0.0069296284277072795,0.015634330148886648,11.353704661862004,0.6963558621439679,0.04306692675050049,0.26269040696528556,0.0,True,STU_0497,nsga2,3,45.550105625065044
0.0010756179594485775,0.22936359543351137,0.43304592795519775,0.765447283221179,0.013887406386981379,16.258514517240833,4.025614946507773,0.1285475297287148,0.0893715392421014,0.0,True,STU_0497,nsga2,3,45.550105625065044
0.00442201416538561,0.6723046013858751,1.2464049108468947e-06,0.003176213518339084,0.099519376320781,11.28934168317252,0.5024337409188978,0.05634214227081945,0.2946936046945936,0.0,True,STU_0497,nsga2,3,45.550105625065044
0.0009313034998008202,0.1983926096349169,0.016776950919904332,0.9917381923310538,0.011296371489261568,15.849016439664734,4.177225262813591,0.09041042297946154,0.09769911473109072,0.0,True,STU_0497,nsga2,3,45.550105625065044
0.00413690624601705,0.6030106769480018,0.003190736735414812,0.003066608945371363,0.45067748866607105,9.176468472318637,0.621935532467458,0.1865038838156777,0.4353632721943944,0.0,True,STU_0497,nsga2,3,45.550105625065044
0.36226835005813085,0.4499748230968037,1.0116540339934359e-05,3.8317820583104734e-07,0.37874611263106056,11.737509027105164,0.42552317214076063,0.13928902568757687,0.5293078628053436,0.0,True,STU_0497,nsga2,3,45.550105625065044
2.5380702494821406e-05,0.057397807252305824,0.30431958150214183,0.5105871627570437,0.05614821462359907,15.89503050100133,4.241910782900805,0.1592541308391955,0.059536113416066794,0.0,True,STU_0497,nsga2,3,45.550105625065044
0.0003064247483600313,0.08212458523386124,0.23743699581243877,0.17875864231228694,0.05259914179532187,16.3559178617109,3.639720066647598,0.17555934672361762,0.13815265035147106,0.0,True,STU_0497,nsga2,3,45.550105625065044
0.36226835005813085,0.47273266179177476,1.0116540339934359e-05,3.8317820583104734e-07,0.37874611263106056,11.751185397016217,0.42575711146289913,0.13667736985499818,0.5272682528102299,0.0,True,STU_0497,nsga2,3,45.550105625065044
0.516030417496986,0.48205068638307663,2.8491957542875837e-05,1.098429847030572e-05,0.5058754814521922,11.856320371934796,0.4155072816100379,0.1473283373884962,0.5486398208224866,0.0,True,STU_0497,nsga2,3,45.550105625065044
0.0002782824283477799,0.5243078058112007,0.00011684053608047797,0.0062749319313443325,0.00945349784673423,12.232565250038695,0.49781811914099905,0.008898861943081428,0.20875056536541714,0.0,True,STU_0497,nsga2,3,45.550105625065044
0.2772751082708268,0.49942612057488145,1.0163207873654136e-06,2.1545644439017285e-05,0.06117724582267198,14.932612058536067,0.32089536747766617,0.03198238440591172,0.3900310842473781,0.0,True,STU_0497,nsga2,3,45.550105625065044
0.0019385181114864776,0.24825900230495623,0.011264520860763854,0.040716255262287476,0.00022338214237970812,11.290190267780014,1.1917069187980085,0.02278570267624493,0.17611331054499835,0.0,True,STU_0497,nsga2,3,45.550105625065044
0.29599151249406375,0.6393419674013698,0.000631632191340404,7.360885227440759e-06,0.06350635597246343,14.657465272264474,0.33493222377782506,0.027978667149797267,0.37210157452141357,0.0,True,STU_0497,nsga2,3,45.550105625065044
4.17811749286526e-05,0.5932689133363656,0.0012740308226940945,0.0536556970803958,0.06913164030680796,11.008852433526538,0.8200778634103338,0.05026803547296043,0.2732533193118505,0.0,True,STU_0497,nsga2,3,45.550105625065044
0.2670527839141089,0.7596935093784013,8.615918919100199e-05,2.280697106425861e-05,0.11644239439902437,13.472979896126981,0.37474025104309544,0.04462899598709834,0.38204663253545956,0.0,True,STU_0497,nsga2,3,45.550105625065044
3.0674697435680346e-06,0.1350068942263572,2.92783993745266e-08,0.8434538805902333,1.7386365829669928e-06,15.745303098260763,4.339487855680601,0.08809891125437053,0.07225053250761304,0.0,True,STU_0497,nsga2,3,45.550105625065044
0.4264359198076453,0.4649560711705316,1.0035288849135699e-05,4.2413286436409844e-05,0.4639165014244908,11.58824204030215,0.43029378169595095,0.14992471773508284,0.5369918833961531,0.0,True,STU_0497,nsga2,3,45.550105625065044
0.007184861449703234,0.6192292518292197,0.6194664022510536,0.5838855235475187,0.013085347393963085,13.10914276849167,3.198082936228823,0.1140145297517796,0.14547362170225053,0.0,True,STU_0497,nsga2,3,45.550105625065044
7.482091487548034e-06,0.13476452420071156,0.03365082268345987,0.9908759625796304,0.07816323104660491,15.641179613472008,4.193285859384976,0.1158531317603346,0.09214038097195065,0.0,True,STU_0497,nsga2,3,45.550105625065044
0.3207444587349381,0.32861011567019077,0.00046779271597924044,4.285925899866437e-05,0.1703116372761268,13.708242205510551,0.3480221442552195,0.09109029653508946,0.47880912970244605,0.0,True,STU_0497,nsga2,3,45.550105625065044
0.15198075254626697,0.6723046013858751,1.2464049108468947e-06,2.2759320972159272e-05,0.099519376320781,12.760294030370824,0.4069530199354224,0.0471863477434552,0.35530557069924107,0.0,True,STU_0497,nsga2,3,45.550105625065044
9.448085452561995e-05,0.7561989130697914,0.0005356693678425336,0.026110662733357715,0.0005437891278649013,12.21369864619137,0.5917409601965735,0.0038696688252444766,0.19848897080973427,0.0,True,STU_0497,nsga2,3,45.550105625065044
0.2753092414257847,0.4998220622334507,1.2464049108468947e-06,1.824981507572431e-05,0.07744047405463506,14.572623465112354,0.33114747337042244,0.039785868052233456,0.4012367403941508,0.0,True,STU_0497,nsga2,3,45.550105625065044
3.0674697435680346e-06,0.12255413655759151,0.00013483167861245523,0.8434538805902333,0.007612413344669083,15.698915613943452,4.361860759159441,0.09198044072644346,0.06835634571368332,0.0,True,STU_0497,nsga2,3,45.550105625065044
0.029284000123016442,0.4649560711705316,9.206624454914193e-08,9.129999209521758e-06,0.4836082297494333,8.915892443953283,0.6126603909306148,0.21661781416734743,0.5909143961733796,0.0,True,STU_0497,nsga2,3,45.550105625065044
2.042813438765461e-05,0.6370480124451716,0.009830074564483638,0.15943817023958734,0.007551454176444809,10.853312520606794,1.3757515899575876,0.026905937415267686,0.1570756828743134,0.0,True,STU_0497,nsga2,3,45.550105625065044
6.735444309501504e-05,0.6192292518292197,0.6326032016887088,0.010696380637560315,1.2089491072199464e-06,14.251356524490985,2.4513928696756024,0.11790758307002361,0.14645594657312577,0.0,True,STU_0497,nsga2,3,45.550105625065044
0.002245647542302316,0.6192292518292197,0.6194664022510536,0.6162876674900576,0.013085347393963085,13.051966466326899,3.2371221041174176,0.11411094459273637,0.14288234564833702,0.0,True,STU_0497,nsga2,3,45.550105625065044
0.2849261607258504,0.6380937953283309,0.0006470448299533867,2.280697106425861e-05,0.5585513993780732,10.491917666667765,0.49863947449179363,0.16515462684326113,0.517209634766906,0.0,True,STU_0497,nsga2,3,45.550105625065044
0.00038530031055512837,0.16159534234352144,0.35682543227655555,0.2739540176259494,0.023775164154280326,16.621199483410834,3.6900065811762612,0.14912527350165355,0.11801563665993298,0.0,True,STU_0497,nsga2,3,45.550105625065044
0.008687028506741452,0.011909111883128612,0.017289456951951998,0.18092151631552414,0.005327642085553664,15.803360436449758,4.387513647110584,0.11092658638544349,0.06006626656117431,0.0,True,STU_0497,nsga2,3,45.550105625065044
0.0003090303847600843,0.08212458523386124,0.23743699581243877,0.18798228993823413,0.05259914179532187,16.336104051656456,3.6614975011758863,0.17435121800621786,0.13528390880716057,0.0,True,STU_0497,nsga2,3,45.550105625065044
5.253329506418967e-05,0.03930816134754709,0.22950254378523233,0.2297877167766582,0.05286885006718567,16.032044228611614,4.000454549872297,0.18177525857452392,0.11020207471273091,0.0,True,STU_0497,nsga2,3,45.550105625065044
0.2670527839141089,0.5496169842091141,0.0013973561235200065,0.002471245173439661,0.2829729095685109,11.831346208057395,0.44447082702976515,0.11284082039678307,0.4938116833713959,0.0,True,STU_0497,nsga2,3,45.550105625065044
0.11755330604110607,0.6940461127782589,4.5881806972735816e-05,1.3200747883206542e-05,0.4887165979318104,9.925532182146865,0.5412541189604229,0.16462168270902583,0.4656892378984071,0.0,True,STU_0497,nsga2,3,45.550105625065044
0.05066623925345361,0.6994783427592454,4.331293512228594e-05,5.610175399443039e-06,0.5897911188930782,9.258670681065176,0.5886651819464863,0.19279266098026235,0.45425342163183513,0.0,True,STU_0497,nsga2,3,45.550105625065044
0.06956880825261513,0.21126122643060175,1.0295475972464576e-06,8.179376595765288e-06,0.12810411202069552,10.852889467464196,0.4825006893816878,0.13720892325904105,0.48770089533083216,0.0,True,STU_0497,nsga2,3,45.550105625065044
0.001657166666093968,0.01589861619805279,0.019343029394087385,0.21466591522682654,0.00068089059729853,15.63722352474274,4.590146583244618,0.10606970494734788,0.017811370334986587,0.0,True,STU_0497,nsga2,3,45.550105625065044
0.38946695468825854,0.5120904254172662,6.089893230589176e-05,5.610175399443039e-06,0.7620727169805775,10.142969845208691,0.5095044630219794,0.20063913585282628,0.6593661138371243,0.0,True,STU_0497,nsga2,3,45.550105625065044
0.27203718438164176,0.4652736791503491,9.160170945904734e-08,9.136004710591555e-06,0.18335524633059197,12.898555219223603,0.3842254254177038,0.08723004703419017,0.4684532092965408,0.0,True,STU_0497,nsga2,3,45.550105625065044
1.468178630756732e-05,0.003237086601058037,0.29050946421864277,0.8740835268565962,0.26655122836212586,15.443041061631073,4.064939011490317,0.19098197961656843,0.09418721782425599,0.0,True,STU_0497,nsga2,3,45.550105625065044
0.0024231254486908817,0.18335822075048056,0.35734896715331566,0.33991674788068477,0.0008122829309384788,16.649016187295558,3.7715392814870095,0.13415255613585023,0.10222499028628373,0.0,True,STU_0497,nsga2,3,45.550105625065044
0.4432398115871795,0.2865648188206696,0.00035678727674965733,0.00010936689910242734,0.45501521406870354,11.635919992132093,0.4215366213668211,0.16822200447294938,0.6425086751676387,0.0,True,STU_0497,nsga2,3,45.550105625065044
0.0005545418578107893,0.027670652698057296,3.510451703748693e-06,0.1810742012729909,0.0006235344862426082,15.7397976990848,4.34198405520445,0.08945853341768024,0.07236164090080655,0.0,True,STU_0497,nsga2,3,45.550105625065044
5.250616617806395e-06,1.3963346201184557e-05,1.2339792588036914e-07,0.9272433863745293,0.07816323104660491,15.253084146266021,4.641564166809122,0.12830362842545778,0.015122607096261231,0.0,True,STU_0497,nsga2,3,45.550105625065044
0.0015418318669391264,0.6192260315649848,0.013635186239785213,0.12400407600925026,0.00017539137453725755,11.140789931522164,1.2479100553594853,0.021006570989350562,0.16868847261459674,0.0,True,STU_0497,nsga2,3,45.550105625065044
0.0006528466921522026,0.1197901698312481,0.28722877904645083,0.33306273980069157,0.01024353931024314,16.388669318014095,3.957810227660266,0.14064634983606464,0.10278629951260143,0.0,True,STU_0497,nsga2,3,45.550105625065044
0.0018185527589427396,0.045768028506812206,0.004192015349894199,0.00035612938493394947,0.011851105504514833,10.682067624337176,0.7793086793261557,0.09699702690209704,0.3268514721145128,0.0,True,STU_0497,nsga2,3,45.550105625065044
0.0005500650296232857,0.009261878945914737,0.014385238221695934,0.8794209658993422,0.005545731734059502,15.350461153688247,4.880356566965681,0.10522442321492169,0.0,0.0,True,STU_0497,nsga2,3,45.550105625065044
0.000949280366020544,0.70795483485467,0.011754435156210179,0.002255082194353563,0.12634485089664477,11.029808231654828,0.5605624565708663,0.06866619678305314,0.30363986036508706,0.0,True,STU_0497,nsga2,3,45.550105625065044
5.250616617806395e-06,1.3963346201184557e-05,0.35564534456614183,0.9272433863745293,0.07816323104660491,15.59444776664434,4.573217964495657,0.1558173632091645,0.0010921250133629767,0.0,True,STU_0497,nsga2,3,45.550105625065044
0.2753092414257847,0.7049578308317617,1.0295475972464576e-06,8.179376595765288e-06,0.1369988341569485,13.342882857575905,0.3766546688255574,0.05370795873956255,0.4054100003529483,0.0,True,STU_0497,nsga2,3,45.550105625065044
0.2592685512044765,0.5496169842091141,0.0013361077845442139,2.280697106425861e-05,0.11427384414260243,13.65760661538111,0.3678974251217352,0.05447852107984969,0.4153655771136927,0.0,True,STU_0497,nsga2,3,45.550105625065044
0.0019385181114864776,0.24825900230495623,0.0056286771587070236,0.040716255262287476,0.00022338214237970812,11.352461023028296,1.1311584345588248,0.01878215412101307,0.1878035313759966,0.0,True,STU_0497,nsga2,3,45.550105625065044
0.0009253775950666932,0.18513925073971718,0.016776950919904332,0.9917381923310538,0.018768312712107466,15.809260735071405,4.197400121173928,0.0935389122278994,0.09421995552456741,0.0,True,STU_0497,nsga2,3,45.550105625065044
5.88353760761975e-05,0.6564609117240945,0.021559522241839928,0.08249432004410687,0.1253129572477789,10.44470244058603,1.0090663061717828,0.07715920220084001,0.2757425261234089,0.0,True,STU_0497,nsga2,3,45.550105625065044
0.10713527950082172,0.5825128098452761,4.5881806972735816e-05,1.3200747883206542e-05,0.23448698305834595,10.98858451641937,0.48379840587442163,0.11114262640042508,0.43206672490462195,0.0,True,STU_0497,nsga2,3,45.550105625065044
0.08489265511840463,0.45735948162369755,6.089893230589176e-05,5.610175399443039e-06,0.017565346803989634,13.5427727760159,0.38397144685869977,0.013767890048298672,0.2916066550022457,0.0,True,STU_0497,nsga2,3,45.550105625065044
0.06438071279182914,0.45735948162369755,7.079527650312727e-05,5.610175399443039e-06,0.017565346803989634,13.214903691799774,0.3986466622526313,0.014295497067056349,0.27831260541472425,0.0,True,STU_0497,nsga2,3,45.550105625065044
4.238812127956162e-05,0.4782094472458235,6.0200601605543e-07,4.000449689476218e-05,0.4600369911927932,8.811428153724101,0.6242830932946178,0.21474380332812598,0.44709780471791527,0.0,True,STU_0497,nsga2,3,45.550105625065044
0.3445512405636951,0.7544824581945704,9.857836433424656e-07,0.002281861926328295,0.747613978051023,10.249092067586572,0.5154568940475416,0.17723129918009226,0.5188469744831867,0.0,True,STU_0497,nsga2,3,45.550105625065044
0.2314684878045633,0.6102204868712999,1.4988432055417655e-06,2.416887282294529e-05,0.4473437881756542,10.644817338975638,0.49117354083104986,0.15200195333522917,0.5036871261490766,0.0,True,STU_0497,nsga2,3,45.550105625065044
0.006722752503302655,0.5308570778740926,4.5881806972735816e-05,1.3200747883206542e-05,0.4949896330418507,8.897585005119765,0.6173424290818418,0.2099666208378388,0.447893594928669,0.0,True,STU_0497,nsga2,3,45.550105625065044
0.0003090303847600843,0.5986306860952255,0.009916070237399901,0.15650205926349975,0.042757279723244446,10.527871699834726,1.382806937639711,0.04583331236461484,0.1825089974714008,0.0,True,STU_0497,nsga2,3,45.550105625065044
