profile_id,archetype,seed,algorithm,raw_hv,nHV
ECO__0000,eco_conscious,0,PI-NSGA-III,6.329354583187822e-06,0.7293450064861601
ECO__0000,eco_conscious,0,canonical-NSGA-III,6.400842670272889e-06,0.7375827309892612
ECO__0000,eco_conscious,0,NSGA-II,7.031602761678444e-06,0.8102665594761923
ECO__0000,eco_conscious,1,PI-NSGA-III,6.5919207611448e-06,0.7596010662862775
ECO__0000,eco_conscious,1,canonical-NSGA-III,6.271897914573343e-06,0.7227241522122329
ECO__0000,eco_conscious,1,NSGA-II,6.88303818189071e-06,0.7931471465906016
ECO__0000,eco_conscious,2,PI-NSGA-III,7.156724840827559e-06,0.8246846430942238
ECO__0000,eco_conscious,2,canonical-NSGA-III,6.960301817539296e-06,0.8020503998532558
ECO__0000,eco_conscious,2,NSGA-II,7.472173503549026e-06,0.8610344642228677
ECO__0000,eco_conscious,4,PI-NSGA-III,7.72212909646528e-06,0.8898373794554882
ECO__0000,eco_conscious,4,canonical-NSGA-III,7.650301830698277e-06,0.8815605706706132
ECO__0000,eco_conscious,4,NSGA-II,8.17882967539634e-06,0.9424639596738685
ECO__0000,eco_conscious,3,PI-NSGA-III,8.137933062281561e-06,0.9377513558585143
ECO__0000,eco_conscious,3,canonical-NSGA-III,8.278527230948379e-06,0.953952321298275
ECO__0000,eco_conscious,3,NSGA-II,8.678135212965123e-06,1.0
ECO__0001,eco_conscious,0,PI-NSGA-III,0.0259572521647889,0.9456393115983691
ECO__0001,eco_conscious,0,canonical-NSGA-III,0.025366985890959346,0.9241355334133621
ECO__0001,eco_conscious,0,NSGA-II,0.027449421620294734,1.0
ECO__0001,eco_conscious,2,PI-NSGA-III,0.01875002624755165,0.683075458088662
ECO__0001,eco_conscious,2,canonical-NSGA-III,0.021348515498509538,0.7777400847938272
ECO__0001,eco_conscious,2,NSGA-II,0.023073086770151446,0.8405673201176799
ECO__0001,eco_conscious,1,PI-NSGA-III,0.022979344906935355,0.8371522440365583
ECO__0001,eco_conscious,1,canonical-NSGA-III,0.02321766477899794,0.84583438952433
ECO__0001,eco_conscious,1,NSGA-II,0.024958550887755136,0.9092559848074186
ECO__0001,eco_conscious,3,PI-NSGA-III,0.019431167786533157,0.707889880352405
ECO__0001,eco_conscious,3,canonical-NSGA-III,0.01933038355711739,0.704218246362811
ECO__0001,eco_conscious,3,NSGA-II,0.019883708427019402,0.724376225556548
ECO__0001,eco_conscious,4,PI-NSGA-III,0.025102064868421925,0.9144842909863977
ECO__0001,eco_conscious,4,canonical-NSGA-III,0.02439658738398811,0.8887832946523904
ECO__0001,eco_conscious,4,NSGA-II,0.02602725776424566,0.9481896603971577
ECO__0002,eco_conscious,0,PI-NSGA-III,1.8880629868746548e-05,0.8213757659578417
ECO__0002,eco_conscious,0,canonical-NSGA-III,1.8702564418866203e-05,0.8136292741139334
ECO__0002,eco_conscious,0,NSGA-II,1.9964193476336325e-05,0.8685147064664606
ECO__0002,eco_conscious,1,PI-NSGA-III,1.1048909949426305e-05,0.4806675908483207
ECO__0002,eco_conscious,1,canonical-NSGA-III,1.2152481740478126e-05,0.5286769597870719
ECO__0002,eco_conscious,1,NSGA-II,1.291670284565135e-05,0.561923345102949
ECO__0002,eco_conscious,2,PI-NSGA-III,2.203100685749462e-05,0.9584285724678766
ECO__0002,eco_conscious,2,canonical-NSGA-III,2.1809767768873767e-05,0.948803871007224
ECO__0002,eco_conscious,2,NSGA-II,2.298659231409029e-05,1.0
ECO__0002,eco_conscious,3,PI-NSGA-III,1.8342956025497037e-05,0.797985006862161
ECO__0002,eco_conscious,3,canonical-NSGA-III,1.7999413650590538e-05,0.783039669588488
ECO__0002,eco_conscious,3,NSGA-II,1.9378936646131176e-05,0.8430539151404493
ECO__0002,eco_conscious,4,PI-NSGA-III,1.7706555591404666e-05,0.7702992835763188
ECO__0002,eco_conscious,4,canonical-NSGA-III,2.0335626782276808e-05,0.8846734002330351
ECO__0002,eco_conscious,4,NSGA-II,1.9533977194600643e-05,0.8497987403999301
ECO__0003,eco_conscious,0,PI-NSGA-III,7.242342284180121e-07,0.5189045728630433
ECO__0003,eco_conscious,0,canonical-NSGA-III,7.816944171690512e-07,0.5600740640725618
ECO__0003,eco_conscious,0,NSGA-II,8.100247553801998e-07,0.5803723894922721
ECO__0003,eco_conscious,1,PI-NSGA-III,1.0404866961926041e-06,0.7454954260265592
ECO__0003,eco_conscious,1,canonical-NSGA-III,1.1037377487225414e-06,0.7908139971577226
ECO__0003,eco_conscious,1,NSGA-II,1.1341163574897185e-06,0.8125798822650019
ECO__0003,eco_conscious,2,PI-NSGA-III,1.3318185140087544e-06,0.954230951846045
ECO__0003,eco_conscious,2,canonical-NSGA-III,1.2222693589063368e-06,0.8757403816611776
ECO__0003,eco_conscious,2,NSGA-II,1.345260778458646e-06,0.9638621626049172
ECO__0003,eco_conscious,3,PI-NSGA-III,1.262257059003818e-06,0.9043910579543761
ECO__0003,eco_conscious,3,canonical-NSGA-III,1.3577460487928642e-06,0.972807699305121
ECO__0003,eco_conscious,3,NSGA-II,1.3956982965520376e-06,1.0
ECO__0003,eco_conscious,4,PI-NSGA-III,1.3344764714431312e-06,0.9561353443934479
ECO__0003,eco_conscious,4,canonical-NSGA-III,1.1737140497045575e-06,0.8409511228924799
ECO__0003,eco_conscious,4,NSGA-II,1.32613346927345e-06,0.9501576899173396
ECO__0004,eco_conscious,0,PI-NSGA-III,0.015817543725990417,0.2685079577984263
ECO__0004,eco_conscious,0,canonical-NSGA-III,0.015865107170554872,0.269315362765158
ECO__0004,eco_conscious,0,NSGA-II,0.016778198297305442,0.2848153821091733
ECO__0004,eco_conscious,1,PI-NSGA-III,0.019407854617443612,0.3294546548346744
ECO__0004,eco_conscious,1,canonical-NSGA-III,0.018494798795665172,0.3139552348040626
ECO__0004,eco_conscious,1,NSGA-II,0.01964077312129783,0.3334085223179422
ECO__0004,eco_conscious,2,PI-NSGA-III,3.124193472668007e-06,5.3034202000332017e-05
ECO__0004,eco_conscious,2,canonical-NSGA-III,2.954133032481212e-06,5.014737062575975e-05
ECO__0004,eco_conscious,2,NSGA-II,3.3342903495034938e-06,5.660066493011233e-05
ECO__0004,eco_conscious,3,PI-NSGA-III,0.05598776767682382,0.9504105960456514
ECO__0004,eco_conscious,3,canonical-NSGA-III,0.05701361175297431,0.9678246334384598
ECO__0004,eco_conscious,3,NSGA-II,0.05890903143312024,1.0
ECO__0004,eco_conscious,4,PI-NSGA-III,4.254277425149327e-06,7.221774525319148e-05
ECO__0004,eco_conscious,4,canonical-NSGA-III,4.32355185952803e-06,7.33937013450405e-05
ECO__0004,eco_conscious,4,NSGA-II,4.488085203093701e-06,7.618670845384803e-05
COST_0005,cost_sensitive,0,PI-NSGA-III,7.955501502086248e-06,0.9107631677697356
COST_0005,cost_sensitive,0,canonical-NSGA-III,7.82861097474447e-06,0.8962364633738575
COST_0005,cost_sensitive,0,NSGA-II,8.100448539141978e-06,0.9273570207899499
COST_0005,cost_sensitive,3,PI-NSGA-III,7.603185610371831e-06,0.8704292758699861
COST_0005,cost_sensitive,3,canonical-NSGA-III,8.511979668352962e-06,0.9744700022629297
COST_0005,cost_sensitive,3,NSGA-II,8.734983784607333e-06,1.0
COST_0005,cost_sensitive,1,PI-NSGA-III,4.013575747764661e-06,0.45948290766576216
COST_0005,cost_sensitive,1,canonical-NSGA-III,4.1699818866156215e-06,0.47738862365879897
COST_0005,cost_sensitive,1,NSGA-II,4.763953502343473e-06,0.5453877900424321
COST_0005,cost_sensitive,2,PI-NSGA-III,7.820118344885357e-06,0.8952642085799702
COST_0005,cost_sensitive,2,canonical-NSGA-III,7.4967380671263475e-06,0.8582429288920943
COST_0005,cost_sensitive,2,NSGA-II,7.81055581233506e-06,0.8941694689918845
COST_0005,cost_sensitive,4,PI-NSGA-III,4.0783501963539056e-06,0.4668984278529192
COST_0005,cost_sensitive,4,canonical-NSGA-III,4.331557288272571e-06,0.49588612813518684
COST_0005,cost_sensitive,4,NSGA-II,4.467925399893132e-06,0.5114978470557036
COST_0006,cost_sensitive,0,PI-NSGA-III,0.0015716042444020558,0.8536667075347765
COST_0006,cost_sensitive,0,canonical-NSGA-III,0.0018410044933584717,1.0
COST_0006,cost_sensitive,0,NSGA-II,0.0018259109668457482,0.9918014722032595
COST_0006,cost_sensitive,1,PI-NSGA-III,0.0014260246121327283,0.7745905114719671
COST_0006,cost_sensitive,1,canonical-NSGA-III,0.0014317328275039469,0.7776911097550301
COST_0006,cost_sensitive,1,NSGA-II,0.0015346793966044521,0.833609804941213
COST_0006,cost_sensitive,3,PI-NSGA-III,0.001661996100724083,0.9027659121527559
COST_0006,cost_sensitive,3,canonical-NSGA-III,0.0016068577387574156,0.872815761479261
COST_0006,cost_sensitive,3,NSGA-II,0.0016607111826573754,0.90206796813831
COST_0006,cost_sensitive,2,PI-NSGA-III,0.0009061794831975198,0.49222013659750086
COST_0006,cost_sensitive,2,canonical-NSGA-III,0.0008814468342247801,0.478785813616778
COST_0006,cost_sensitive,2,NSGA-II,0.0009866902036306366,0.5359520887592494
COST_0006,cost_sensitive,4,PI-NSGA-III,0.0018151465428270094,0.985954433775286
COST_0006,cost_sensitive,4,canonical-NSGA-III,0.0017479933347490351,0.9494780382421772
COST_0006,cost_sensitive,4,NSGA-II,0.0018382058834441864,0.9984798462337373
COST_0007,cost_sensitive,0,PI-NSGA-III,10.49713400954176,0.6338496906057682
COST_0007,cost_sensitive,0,canonical-NSGA-III,9.985445092429098,0.6029523179035196
COST_0007,cost_sensitive,0,NSGA-II,10.417776387241467,0.6290578298658246
COST_0007,cost_sensitive,1,PI-NSGA-III,7.472877367478445,0.4512356423196539
COST_0007,cost_sensitive,1,canonical-NSGA-III,7.66956116201699,0.4631120232634528
COST_0007,cost_sensitive,1,NSGA-II,8.225502173946449,0.49668147546690505
COST_0007,cost_sensitive,3,PI-NSGA-III,13.044548694074308,0.7876705342920376
COST_0007,cost_sensitive,3,canonical-NSGA-III,12.292078045125164,0.7422340096565713
COST_0007,cost_sensitive,3,NSGA-II,12.865175752832178,0.7768394366604343
COST_0007,cost_sensitive,2,PI-NSGA-III,0.0003348789684771866,2.0221036557854673e-05
COST_0007,cost_sensitive,2,canonical-NSGA-III,0.00030958196369865925,1.869352451146686e-05
COST_0007,cost_sensitive,2,NSGA-II,0.00032478767395227647,1.9611692721088203e-05
COST_0007,cost_sensitive,4,PI-NSGA-III,16.538182235236928,0.99862702366742
COST_0007,cost_sensitive,4,canonical-NSGA-III,16.02165520334389,0.9674375105053212
COST_0007,cost_sensitive,4,NSGA-II,16.56091998642404,1.0
COST_0008,cost_sensitive,0,PI-NSGA-III,0.0002265650805769868,0.9853191945843414
COST_0008,cost_sensitive,0,canonical-NSGA-III,0.00022206850794721656,0.9657638451427061
COST_0008,cost_sensitive,0,NSGA-II,0.00022994079667002093,1.0
COST_0008,cost_sensitive,1,PI-NSGA-III,9.780249172880056e-05,0.4253377092937236
COST_0008,cost_sensitive,1,canonical-NSGA-III,0.00010189490137484587,0.4431353759336203
COST_0008,cost_sensitive,1,NSGA-II,9.950236816423175e-05,0.43273037932030706
COST_0008,cost_sensitive,2,PI-NSGA-III,3.157808603383405e-05,0.13733137612439664
COST_0008,cost_sensitive,2,canonical-NSGA-III,3.205738785831578e-05,0.1394158336518251
COST_0008,cost_sensitive,2,NSGA-II,3.3927752439175476e-05,0.1475499473365045
COST_0008,cost_sensitive,3,PI-NSGA-III,3.9858490015433676e-05,0.1733424020124321
COST_0008,cost_sensitive,3,canonical-NSGA-III,3.9644357487123524e-05,0.1724111513104636
COST_0008,cost_sensitive,3,NSGA-II,4.415097478167252e-05,0.19201018445209556
COST_0008,cost_sensitive,4,PI-NSGA-III,7.52953330217398e-05,0.3274553020262568
COST_0008,cost_sensitive,4,canonical-NSGA-III,5.778781676019896e-05,0.2513160674272517
COST_0008,cost_sensitive,4,NSGA-II,7.675601095781927e-05,0.33380771080813826
COST_0009,cost_sensitive,1,PI-NSGA-III,1.3859816824983554e-05,0.6616573846087599
COST_0009,cost_sensitive,1,canonical-NSGA-III,1.597783262928401e-05,0.7627698895812145
COST_0009,cost_sensitive,1,NSGA-II,1.632465677278061e-05,0.7793270171827479
COST_0009,cost_sensitive,0,PI-NSGA-III,6.127196945238109e-06,0.29250784169536387
COST_0009,cost_sensitive,0,canonical-NSGA-III,6.118752974033114e-06,0.29210473276731963
COST_0009,cost_sensitive,0,NSGA-II,7.01520082559209e-06,0.3349004889010849
COST_0009,cost_sensitive,3,PI-NSGA-III,1.4536334560233502e-05,0.6939538399659506
COST_0009,cost_sensitive,3,canonical-NSGA-III,1.4757869218828558e-05,0.7045297404022375
COST_0009,cost_sensitive,3,NSGA-II,1.607941382239317e-05,0.7676193004649781
COST_0009,cost_sensitive,2,PI-NSGA-III,2.0182384960098135e-05,0.9634921021318439
COST_0009,cost_sensitive,2,canonical-NSGA-III,1.992093346640454e-05,0.9510106015677438
COST_0009,cost_sensitive,2,NSGA-II,2.0947120288212165e-05,1.0
COST_0009,cost_sensitive,4,PI-NSGA-III,1.8363816807094587e-05,0.876675006130971
COST_0009,cost_sensitive,4,canonical-NSGA-III,1.8883670458170592e-05,0.9014924342033418
COST_0009,cost_sensitive,4,NSGA-II,1.9416989623272698e-05,0.9269526959368951
TIME_0010,time_sensitive,0,PI-NSGA-III,2.4528557088503637e-05,0.29213974936285936
TIME_0010,time_sensitive,0,canonical-NSGA-III,2.599787287788099e-05,0.30963957802765985
TIME_0010,time_sensitive,0,NSGA-II,2.6059118267272012e-05,0.31036902218704376
TIME_0010,time_sensitive,1,PI-NSGA-III,2.0526454614024942e-05,0.24447395273242206
TIME_0010,time_sensitive,1,canonical-NSGA-III,2.273474797190134e-05,0.2707751438608658
TIME_0010,time_sensitive,1,NSGA-II,2.317738903467605e-05,0.2760470825513533
TIME_0010,time_sensitive,2,PI-NSGA-III,2.6473104725450963e-05,0.31529967912277934
TIME_0010,time_sensitive,2,canonical-NSGA-III,2.6480564398964007e-05,0.31538852524375444
TIME_0010,time_sensitive,2,NSGA-II,2.7951686550456555e-05,0.33290986802264194
TIME_0010,time_sensitive,3,PI-NSGA-III,1.9883889452881118e-05,0.23682088025659165
TIME_0010,time_sensitive,3,canonical-NSGA-III,2.198999673803166e-05,0.26190501595177884
TIME_0010,time_sensitive,3,NSGA-II,2.311177504576266e-05,0.2752656075462524
TIME_0010,time_sensitive,4,PI-NSGA-III,8.020391285204798e-05,0.9552437558383629
TIME_0010,time_sensitive,4,canonical-NSGA-III,8.191688282210266e-05,0.9756455518311823
TIME_0010,time_sensitive,4,NSGA-II,8.396172428435044e-05,1.0
TIME_0011,time_sensitive,0,PI-NSGA-III,0.10125906110320762,0.3800518861175816
TIME_0011,time_sensitive,0,canonical-NSGA-III,0.09821784098260611,0.3686373872041927
TIME_0011,time_sensitive,0,NSGA-II,0.11133401980870461,0.4178658557205408
TIME_0011,time_sensitive,1,PI-NSGA-III,0.0753042212647852,0.28263654642350544
TIME_0011,time_sensitive,1,canonical-NSGA-III,0.0779487202017865,0.2925620464024051
TIME_0011,time_sensitive,1,NSGA-II,0.07656350375798399,0.2873629647951635
TIME_0011,time_sensitive,2,PI-NSGA-III,0.20070702580875288,0.7533062511602762
TIME_0011,time_sensitive,2,canonical-NSGA-III,0.1840289708053549,0.6907091246240774
TIME_0011,time_sensitive,2,NSGA-II,0.2138377110589205,0.8025891661011537
TIME_0011,time_sensitive,3,PI-NSGA-III,0.24059119811059845,0.9030020388202592
TIME_0011,time_sensitive,3,canonical-NSGA-III,0.242009121092331,0.9083238766657401
TIME_0011,time_sensitive,3,NSGA-II,0.25161746099251325,0.9443865031777631
TIME_0011,time_sensitive,4,PI-NSGA-III,0.2512327883263341,0.9429427254977562
TIME_0011,time_sensitive,4,canonical-NSGA-III,0.2511221894063516,0.9425276186650049
TIME_0011,time_sensitive,4,NSGA-II,0.2664348337739331,1.0
TIME_0012,time_sensitive,0,PI-NSGA-III,1.336354159656558e-06,0.9210547450094017
TIME_0012,time_sensitive,0,canonical-NSGA-III,1.3364310638184894e-06,0.9211077496285335
TIME_0012,time_sensitive,0,NSGA-II,1.4508954727147269e-06,1.0
TIME_0012,time_sensitive,1,PI-NSGA-III,6.214814523154776e-07,0.4283433672534951
TIME_0012,time_sensitive,1,canonical-NSGA-III,6.710483088702706e-07,0.46250630833845824
TIME_0012,time_sensitive,1,NSGA-II,6.93824607467387e-07,0.47820440584130613
TIME_0012,time_sensitive,2,PI-NSGA-III,1.253046210925355e-06,0.8636364469321955
TIME_0012,time_sensitive,2,canonical-NSGA-III,1.2870644984591519e-06,0.8870828551494232
TIME_0012,time_sensitive,2,NSGA-II,1.3547761291595245e-06,0.9337517103314436
TIME_0012,time_sensitive,3,PI-NSGA-III,1.036965717425763e-06,0.7147073906609741
TIME_0012,time_sensitive,3,canonical-NSGA-III,1.0590933911602332e-06,0.7299584367567123
TIME_0012,time_sensitive,3,NSGA-II,1.1213164633219952e-06,0.772844415334713
TIME_0012,time_sensitive,4,PI-NSGA-III,1.3308810837696719e-06,0.9172825395061026
TIME_0012,time_sensitive,4,canonical-NSGA-III,1.320967455150213e-06,0.9104497739444941
TIME_0012,time_sensitive,4,NSGA-II,1.3912563144401603e-06,0.958894931167593
TIME_0013,time_sensitive,0,PI-NSGA-III,5.0999687456450724e-05,0.24888424721631475
TIME_0013,time_sensitive,0,canonical-NSGA-III,5.478018943172335e-05,0.2673335247539266
TIME_0013,time_sensitive,0,NSGA-II,5.7629901736254954e-05,0.28124044334636017
TIME_0013,time_sensitive,1,PI-NSGA-III,0.00015495799307194746,0.7562125452003028
TIME_0013,time_sensitive,1,canonical-NSGA-III,0.00016224407032707319,0.7917694268841436
TIME_0013,time_sensitive,1,NSGA-II,0.0001684535508325066,0.8220723945742663
TIME_0013,time_sensitive,2,PI-NSGA-III,0.0002024026365248623,0.9877477752996707
TIME_0013,time_sensitive,2,canonical-NSGA-III,0.00019838792275805514,0.9681555177099747
TIME_0013,time_sensitive,2,NSGA-II,0.00020491328007644035,1.0
TIME_0013,time_sensitive,3,PI-NSGA-III,4.919757322052093e-05,0.2400897257716454
TIME_0013,time_sensitive,3,canonical-NSGA-III,5.272441167827966e-05,0.25730109663273887
TIME_0013,time_sensitive,3,NSGA-II,5.414431913287344e-05,0.26423040572419504
TIME_0013,time_sensitive,4,PI-NSGA-III,0.00015159685044925197,0.739809788768696
TIME_0013,time_sensitive,4,canonical-NSGA-III,0.00014941426938406692,0.729158546133905
TIME_0013,time_sensitive,4,NSGA-II,0.00015499393507413013,0.7563879462390704
TIME_0014,time_sensitive,0,PI-NSGA-III,3.1182274359586627e-06,0.9526066187847178
TIME_0014,time_sensitive,0,canonical-NSGA-III,3.0972204230372862e-06,0.9461890562557526
TIME_0014,time_sensitive,0,NSGA-II,3.27336318525345e-06,1.0
TIME_0014,time_sensitive,1,PI-NSGA-III,1.847226914322463e-06,0.5643207947850846
TIME_0014,time_sensitive,1,canonical-NSGA-III,1.8417839525689303e-06,0.5626579906764377
TIME_0014,time_sensitive,1,NSGA-II,1.949806333126912e-06,0.5956584169794598
TIME_0014,time_sensitive,2,PI-NSGA-III,2.4208322824250307e-06,0.7395550525315725
TIME_0014,time_sensitive,2,canonical-NSGA-III,2.461864633749254e-06,0.7520902797587481
TIME_0014,time_sensitive,2,NSGA-II,2.6057116297829634e-06,0.7960349897994006
TIME_0014,time_sensitive,3,PI-NSGA-III,1.9191301104761754e-06,0.5862869476634567
TIME_0014,time_sensitive,3,canonical-NSGA-III,1.99912469626224e-06,0.6107249892918472
TIME_0014,time_sensitive,3,NSGA-II,2.043666477062322e-06,0.6243323338727184
TIME_0014,time_sensitive,4,PI-NSGA-III,2.318627971850436e-06,0.7083320244743662
TIME_0014,time_sensitive,4,canonical-NSGA-III,2.2944885360884037e-06,0.700957518684486
TIME_0014,time_sensitive,4,NSGA-II,2.4090102753718655e-06,0.7359434743521565
COMF_0015,comfort_seeker,0,PI-NSGA-III,8.365847092272917e-06,0.46522465871485535
COMF_0015,comfort_seeker,0,canonical-NSGA-III,8.00110603283781e-06,0.44494141267612214
COMF_0015,comfort_seeker,0,NSGA-II,8.721111465090877e-06,0.48498090632191965
COMF_0015,comfort_seeker,1,PI-NSGA-III,1.251070481849523e-05,0.6957201482731649
COMF_0015,comfort_seeker,1,canonical-NSGA-III,1.2215402900834895e-05,0.6792984120943787
COMF_0015,comfort_seeker,1,NSGA-II,1.314684531621556e-05,0.7310959138928821
COMF_0015,comfort_seeker,2,PI-NSGA-III,1.432531858068869e-05,0.7966307983130726
COMF_0015,comfort_seeker,2,canonical-NSGA-III,1.3278472111445878e-05,0.7384156784323649
COMF_0015,comfort_seeker,2,NSGA-II,1.4764745885346654e-05,0.8210673455729806
COMF_0015,comfort_seeker,3,PI-NSGA-III,1.360064703724144e-05,0.7563318222784751
COMF_0015,comfort_seeker,3,canonical-NSGA-III,1.3280444271759318e-05,0.7385253502442725
COMF_0015,comfort_seeker,3,NSGA-II,1.4176713948849863e-05,0.7883668964788495
COMF_0015,comfort_seeker,4,PI-NSGA-III,1.7741953028578507e-05,0.9866297999014589
COMF_0015,comfort_seeker,4,canonical-NSGA-III,1.6837446162254936e-05,0.9363301836702113
COMF_0015,comfort_seeker,4,NSGA-II,1.798238106162059e-05,1.0
COMF_0016,comfort_seeker,0,PI-NSGA-III,7.241692695931162e-06,0.8282595665170193
COMF_0016,comfort_seeker,0,canonical-NSGA-III,7.675633195292118e-06,0.877890969696669
COMF_0016,comfort_seeker,0,NSGA-II,7.812217866235956e-06,0.8935126710169108
COMF_0016,comfort_seeker,1,PI-NSGA-III,7.873847778721511e-06,0.900561515360782
COMF_0016,comfort_seeker,1,canonical-NSGA-III,8.07337539967331e-06,0.9233822380532215
COMF_0016,comfort_seeker,1,NSGA-II,8.743264779160698e-06,1.0
COMF_0016,comfort_seeker,2,PI-NSGA-III,6.064985187301904e-06,0.6936751134150265
COMF_0016,comfort_seeker,2,canonical-NSGA-III,6.193512081258449e-06,0.7083752165461686
COMF_0016,comfort_seeker,2,NSGA-II,6.311497398076776e-06,0.7218696399450277
COMF_0016,comfort_seeker,3,PI-NSGA-III,8.387121443801023e-06,0.9592665503841846
COMF_0016,comfort_seeker,3,canonical-NSGA-III,7.70632581308294e-06,0.8814013995608059
COMF_0016,comfort_seeker,3,NSGA-II,8.385543809115027e-06,0.9590861103854148
COMF_0016,comfort_seeker,4,PI-NSGA-III,7.980376936862263e-06,0.9127456549049328
COMF_0016,comfort_seeker,4,canonical-NSGA-III,8.235379722887423e-06,0.941911280385354
COMF_0016,comfort_seeker,4,NSGA-II,8.741481982500025e-06,0.9997960948563605
COMF_0017,comfort_seeker,0,PI-NSGA-III,1.0527362857327448e-05,0.9510803166546139
COMF_0017,comfort_seeker,0,canonical-NSGA-III,1.029695743314776e-05,0.9302646511591255
COMF_0017,comfort_seeker,0,NSGA-II,1.1068847365443348e-05,1.0
COMF_0017,comfort_seeker,1,PI-NSGA-III,6.555634905968359e-06,0.5922599426598726
COMF_0017,comfort_seeker,1,canonical-NSGA-III,6.6036819149089996e-06,0.5966006845053733
COMF_0017,comfort_seeker,1,NSGA-II,7.256332605045074e-06,0.6555635257650363
COMF_0017,comfort_seeker,2,PI-NSGA-III,8.143539964010009e-06,0.7357170710867266
COMF_0017,comfort_seeker,2,canonical-NSGA-III,8.02904154746929e-06,0.7253728669649695
COMF_0017,comfort_seeker,2,NSGA-II,9.155652989122056e-06,0.8271550493781101
COMF_0017,comfort_seeker,3,PI-NSGA-III,8.789879040737382e-06,0.7941096981948775
COMF_0017,comfort_seeker,3,canonical-NSGA-III,9.03762966659415e-06,0.8164923924065838
COMF_0017,comfort_seeker,3,NSGA-II,9.470918444035224e-06,0.8556372792349801
COMF_0017,comfort_seeker,4,PI-NSGA-III,8.260682123485817e-06,0.7463001205776358
COMF_0017,comfort_seeker,4,canonical-NSGA-III,8.24899406969362e-06,0.7452441792129834
COMF_0017,comfort_seeker,4,NSGA-II,8.797528910588238e-06,0.79480081530927
COMF_0018,comfort_seeker,0,PI-NSGA-III,1.1071804754313957e-05,0.8227885370028039
COMF_0018,comfort_seeker,0,canonical-NSGA-III,1.0473868085106498e-05,0.7783535556971731
COMF_0018,comfort_seeker,0,NSGA-II,1.1679795592387422e-05,0.8679706823955557
COMF_0018,comfort_seeker,1,PI-NSGA-III,1.3456440210805011e-05,1.0
COMF_0018,comfort_seeker,1,canonical-NSGA-III,1.287982349343445e-05,0.9571493865883223
COMF_0018,comfort_seeker,1,NSGA-II,1.3049256207854313e-05,0.9697405854318184
COMF_0018,comfort_seeker,3,PI-NSGA-III,7.868470545917922e-06,0.5847364104215199
COMF_0018,comfort_seeker,3,canonical-NSGA-III,7.760855419300478e-06,0.5767391150795442
COMF_0018,comfort_seeker,3,NSGA-II,8.265974625550595e-06,0.6142764725334514
COMF_0018,comfort_seeker,2,PI-NSGA-III,9.176554769148429e-06,0.6819451969013323
COMF_0018,comfort_seeker,2,canonical-NSGA-III,9.72752954344686e-06,0.722890258571953
COMF_0018,comfort_seeker,2,NSGA-II,1.0422517197839605e-05,0.7745374731030811
COMF_0018,comfort_seeker,4,PI-NSGA-III,1.1920025518870123e-05,0.8858230952714221
COMF_0018,comfort_seeker,4,canonical-NSGA-III,1.1848847327227313e-05,0.8805335691762772
COMF_0018,comfort_seeker,4,NSGA-II,1.2358103156551881e-05,0.9183783350539315
COMF_0019,comfort_seeker,0,PI-NSGA-III,7.211872125113535e-07,0.9625095215591123
COMF_0019,comfort_seeker,0,canonical-NSGA-III,7.403828713583011e-07,0.9881283956770399
COMF_0019,comfort_seeker,0,NSGA-II,7.492780033418734e-07,1.0
COMF_0019,comfort_seeker,1,PI-NSGA-III,4.195695790168355e-07,0.5599651626572552
COMF_0019,comfort_seeker,1,canonical-NSGA-III,4.0872912160452267e-07,0.545497291768262
COMF_0019,comfort_seeker,1,NSGA-II,4.538729789541226e-07,0.6057471017830398
COMF_0019,comfort_seeker,3,PI-NSGA-III,6.009927001472933e-07,0.8020957474619446
COMF_0019,comfort_seeker,3,canonical-NSGA-III,6.234317612003958e-07,0.8320433249338861
COMF_0019,comfort_seeker,3,NSGA-II,6.441327986603353e-07,0.8596713046258166
COMF_0019,comfort_seeker,2,PI-NSGA-III,5.443715333862697e-07,0.7265281123405528
COMF_0019,comfort_seeker,2,canonical-NSGA-III,5.739971254972319e-07,0.7660669643805545
COMF_0019,comfort_seeker,2,NSGA-II,6.084496351580907e-07,0.8120479080452507
COMF_0019,comfort_seeker,4,PI-NSGA-III,3.2093356938592174e-07,0.42832375694270747
COMF_0019,comfort_seeker,4,canonical-NSGA-III,3.222576990366813e-07,0.43009096436752675
COMF_0019,comfort_seeker,4,NSGA-II,3.5700854313833006e-07,0.4764700705826508
